id,price_doc
30474,0.0
30475,0.0
30476,5911683.3197033405
30477,0.0
30478,0.0
30479,0.0
30480,0.0
30481,0.0
30482,0.0
30483,0.0
30484,157839589.76750112
30485,0.0
30486,0.0
30487,0.0
30488,0.0
30489,0.0
30490,0.0
30491,0.0
30492,0.0
30493,0.0
30494,0.0
30495,0.0
30496,0.0
30497,0.0
30498,130296441.67151737
30499,0.0
30500,0.0
30501,0.0
30502,0.0
30503,142058770.96384072
30504,0.0
30505,0.0
30506,0.0
30507,0.0
30508,0.0
30509,0.0
30510,0.0
30511,0.0
30512,0.0
30513,0.0
30514,0.0
30515,0.0
30516,0.0
30517,0.0
30518,247567104.80483842
30519,335136450.51841664
30520,7933324.292549133
30521,0.0
30522,0.0
30523,51489249.958082914
30524,0.0
30525,414134413.33766246
30526,0.0
30527,0.0
30528,0.0
30529,123383808.44661736
30530,0.0
30531,0.0
30532,0.0
30533,0.0
30534,0.0
30535,0.0
30536,0.0
30537,0.0
30538,134819448.92623758
30539,0.0
30540,0.0
30541,115879792.9974339
30542,0.0
30543,74844162.81509471
30544,0.0
30545,65211899.36599636
30546,0.0
30547,0.0
30548,0.0
30549,0.0
30550,0.0
30551,0.0
30552,0.0
30553,166335235.31786966
30554,0.0
30555,0.0
30556,0.0
30557,0.0
30558,0.0
30559,202964170.69398308
30560,358699194.30550885
30561,0.0
30562,0.0
30563,371526743.0980458
30564,0.0
30565,0.0
30566,0.0
30567,0.0
30568,0.0
30569,0.0
30570,0.0
30571,0.0
30572,0.0
30573,168025165.07945895
30574,0.0
30575,7756770.333067894
30576,0.0
30577,0.0
30578,0.0
30579,0.0
30580,0.0
30581,0.0
30582,0.0
30583,0.0
30584,235639550.49073148
30585,0.0
30586,0.0
30587,0.0
30588,173764312.68441248
30589,0.0
30590,0.0
30591,197800791.90016723
30592,0.0
30593,0.0
30594,0.0
30595,324241581.5610926
30596,0.0
30597,168025165.07945895
30598,0.0
30599,0.0
30600,0.0
30601,27916497.33725667
30602,0.0
30603,0.0
30604,260590410.19987297
30605,112853298.80635357
30606,0.0
30607,0.0
30608,0.0
30609,0.0
30610,0.0
30611,0.0
30612,0.0
30613,0.0
30614,0.0
30615,0.0
30616,0.0
30617,0.0
30618,143248835.96666002
30619,436601252.0355543
30620,0.0
30621,0.0
30622,120375866.16448474
30623,0.0
30624,0.0
30625,0.0
30626,86215073.54569745
30627,0.0
30628,158688387.7101643
30629,71115443.16354322
30630,317769540.06271243
30631,0.0
30632,0.0
30633,13676023.895749569
30634,0.0
30635,0.0
30636,0.0
30637,0.0
30638,191941837.48545957
30639,0.0
30640,0.0
30641,0.0
30642,0.0
30643,0.0
30644,0.0
30645,0.0
30646,0.0
30647,0.0
30648,0.0
30649,0.0
30650,261023094.1428337
30651,0.0
30652,0.0
30653,0.0
30654,0.0
30655,0.0
30656,0.0
30657,0.0
30658,0.0
30659,0.0
30660,0.0
30661,184199091.32709622
30662,0.0
30663,0.0
30664,0.0
30665,0.0
30666,0.0
30667,0.0
30668,0.0
30669,0.0
30670,0.0
30671,0.0
30672,0.0
30673,0.0
30674,0.0
30675,0.0
30676,0.0
30677,263734506.97966337
30678,0.0
30679,0.0
30680,0.0
30681,0.0
30682,0.0
30683,0.0
30684,410675095.0232487
30685,0.0
30686,0.0
30687,0.0
30688,0.0
30689,0.0
30690,0.0
30691,239323620.56279683
30692,0.0
30693,0.0
30694,309058806.5097003
30695,0.0
30696,203397852.97281432
30697,0.0
30698,0.0
30699,89528013.59835482
30700,0.0
30701,0.0
30702,0.0
30703,0.0
30704,0.0
30705,0.0
30706,0.0
30707,0.0
30708,0.0
30709,237626596.3778379
30710,0.0
30711,0.0
30712,0.0
30713,560693135.5839487
30714,0.0
30715,0.0
30716,0.0
30717,91704677.62611699
30718,0.0
30719,0.0
30720,0.0
30721,903779036.1336697
30722,0.0
30723,0.0
30724,0.0
30725,0.0
30726,0.0
30727,0.0
30728,0.0
30729,0.0
30730,0.0
30731,0.0
30732,293003293.7952616
30733,0.0
30734,150778962.26897407
30735,0.0
30736,0.0
30737,200290812.5152719
30738,194808641.60804224
30739,0.0
30740,0.0
30741,0.0
30742,0.0
30743,0.0
30744,0.0
30745,0.0
30746,0.0
30747,0.0
30748,0.0
30749,307454582.3611567
30750,0.0
30751,0.0
30752,0.0
30753,0.0
30754,135276234.30568147
30755,0.0
30756,0.0
30757,0.0
30758,0.0
30759,0.0
30760,0.0
30761,0.0
30762,0.0
30763,0.0
30764,0.0
30765,0.0
30766,0.0
30767,0.0
30768,314347164.23766065
30769,0.0
30770,0.0
30771,0.0
30772,0.0
30773,0.0
30774,0.0
30775,0.0
30776,0.0
30777,0.0
30778,0.0
30779,0.0
30780,0.0
30781,157839589.76750112
30782,0.0
30783,0.0
30784,0.0
30785,63012132.3684988
30786,0.0
30787,0.0
30788,0.0
30789,0.0
30790,37944329.955023766
30791,0.0
30792,132388340.1779387
30793,0.0
30794,0.0
30795,0.0
30796,0.0
30797,0.0
30798,0.0
30799,0.0
30800,0.0
30801,0.0
30802,0.0
30803,0.0
30804,0.0
30805,0.0
30806,150778962.26897407
30807,0.0
30808,0.0
30809,0.0
30810,0.0
30811,0.0
30812,0.0
30813,99101691.36478114
30814,0.0
30815,0.0
30816,0.0
30817,0.0
30818,0.0
30819,0.0
30820,0.0
30821,0.0
30822,63188677.06546855
30823,0.0
30824,0.0
30825,0.0
30826,0.0
30827,0.0
30828,0.0
30829,0.0
30830,0.0
30831,206269110.22817326
30832,0.0
30833,0.0
30834,0.0
30835,0.0
30836,0.0
30837,0.0
30838,332226630.28546834
30839,267048231.39838672
30840,0.0
30841,0.0
30842,0.0
30843,208836612.77115297
30844,0.0
30845,0.0
30846,0.0
30847,0.0
30848,0.0
30849,0.0
30850,0.0
30851,0.0
30852,0.0
30853,0.0
30854,13507957.467747927
30855,0.0
30856,0.0
30857,0.0
30858,0.0
30859,0.0
30860,0.0
30861,0.0
30862,110891475.77936721
30863,116887360.29909849
30864,0.0
30865,0.0
30866,0.0
30867,319610517.8277569
30868,0.0
30869,0.0
30870,0.0
30871,0.0
30872,0.0
30873,0.0
30874,0.0
30875,0.0
30876,0.0
30877,0.0
30878,0.0
30879,0.0
30880,0.0
30881,0.0
30882,0.0
30883,616491304.060278
30884,0.0
30885,0.0
30886,0.0
30887,0.0
30888,394161354.90239644
30889,0.0
30890,0.0
30891,0.0
30892,0.0
30893,0.0
30894,0.0
30895,0.0
30896,0.0
30897,0.0
30898,0.0
30899,186287260.39376497
30900,0.0
30901,0.0
30902,0.0
30903,181788807.02541637
30904,0.0
30905,0.0
30906,0.0
30907,0.0
30908,0.0
30909,0.0
30910,0.0
30911,0.0
30912,0.0
30913,0.0
30914,176979842.20803833
30915,114677623.33198977
30916,0.0
30917,120360748.05266404
30918,0.0
30919,0.0
30920,0.0
30921,0.0
30922,0.0
30923,0.0
30924,0.0
30925,0.0
30926,0.0
30927,0.0
30928,39993706.77513361
30929,0.0
30930,0.0
30931,0.0
30932,367170740.2086649
30933,0.0
30934,0.0
30935,0.0
30936,150778962.26897407
30937,0.0
30938,534410784.98452854
30939,0.0
30940,91916282.88732886
30941,0.0
30942,0.0
30943,0.0
30944,0.0
30945,0.0
30946,0.0
30947,7933324.292549133
30948,0.0
30949,0.0
30950,0.0
30951,0.0
30952,0.0
30953,0.0
30954,0.0
30955,245560080.0225029
30956,0.0
30957,29627891.59377575
30958,0.0
30959,0.0
30960,0.0
30961,185315978.52858067
30962,0.0
30963,0.0
30964,650475301.6989048
30965,0.0
30966,0.0
30967,0.0
30968,0.0
30969,0.0
30970,0.0
30971,0.0
30972,0.0
30973,0.0
30974,0.0
30975,0.0
30976,0.0
30977,0.0
30978,0.0
30979,0.0
30980,0.0
30981,0.0
30982,0.0
30983,0.0
30984,0.0
30985,0.0
30986,0.0
30987,0.0
30988,0.0
30989,0.0
30990,0.0
30991,0.0
30992,0.0
30993,0.0
30994,351022661.9659419
30995,0.0
30996,0.0
30997,0.0
30998,154412678.95557594
30999,0.0
31000,0.0
31001,0.0
31002,18087173.056041002
31003,0.0
31004,0.0
31005,0.0
31006,123829297.52693462
31007,38266602.65462685
31008,0.0
31009,72453309.64209604
31010,0.0
31011,0.0
31012,0.0
31013,0.0
31014,0.0
31015,605016.9294784069
31016,0.0
31017,0.0
31018,0.0
31019,0.0
31020,0.0
31021,0.0
31022,0.0
31023,0.0
31024,289697967.3940513
31025,0.0
31026,0.0
31027,0.0
31028,10541954.164068937
31029,0.0
31030,135817608.59529638
31031,0.0
31032,0.0
31033,0.0
31034,103609442.30612183
31035,0.0
31036,329236884.13229895
31037,0.0
31038,0.0
31039,0.0
31040,23519586.606151342
31041,0.0
31042,436601252.0355543
31043,0.0
31044,309447219.0174279
31045,0.0
31046,0.0
31047,0.0
31048,0.0
31049,0.0
31050,0.0
31051,0.0
31052,0.0
31053,0.0
31054,0.0
31055,0.0
31056,0.0
31057,0.0
31058,0.0
31059,0.0
31060,0.0
31061,0.0
31062,0.0
31063,0.0
31064,0.0
31065,0.0
31066,0.0
31067,0.0
31068,0.0
31069,0.0
31070,0.0
31071,0.0
31072,0.0
31073,0.0
31074,0.0
31075,0.0
31076,0.0
31077,0.0
31078,0.0
31079,0.0
31080,158688387.7101643
31081,0.0
31082,0.0
31083,0.0
31084,0.0
31085,0.0
31086,0.0
31087,0.0
31088,531738605.44490504
31089,171050944.561666
31090,0.0
31091,650215400.9391156
31092,0.0
31093,0.0
31094,0.0
31095,42669815.95265293
31096,0.0
31097,0.0
31098,0.0
31099,0.0
31100,0.0
31101,0.0
31102,0.0
31103,0.0
31104,151773196.0603199
31105,0.0
31106,0.0
31107,0.0
31108,0.0
31109,0.0
31110,0.0
31111,0.0
31112,0.0
31113,0.0
31114,108016996.85046291
31115,0.0
31116,0.0
31117,0.0
31118,0.0
31119,0.0
31120,98670124.7082336
31121,29178239.557239056
31122,0.0
31123,0.0
31124,0.0
31125,0.0
31126,0.0
31127,0.0
31128,0.0
31129,0.0
31130,0.0
31131,0.0
31132,0.0
31133,0.0
31134,0.0
31135,0.0
31136,0.0
31137,0.0
31138,48477885.69872546
31139,0.0
31140,0.0
31141,0.0
31142,0.0
31143,0.0
31144,0.0
31145,0.0
31146,0.0
31147,0.0
31148,0.0
31149,0.0
31150,0.0
31151,0.0
31152,0.0
31153,0.0
31154,0.0
31155,4529017.772956371
31156,0.0
31157,0.0
31158,0.0
31159,0.0
31160,0.0
31161,0.0
31162,0.0
31163,135312050.50636125
31164,0.0
31165,0.0
31166,0.0
31167,27273575.26954031
31168,0.0
31169,312720878.674206
31170,0.0
31171,0.0
31172,0.0
31173,0.0
31174,0.0
31175,0.0
31176,0.0
31177,0.0
31178,0.0
31179,425497474.16655254
31180,0.0
31181,0.0
31182,0.0
31183,0.0
31184,242037743.92818022
31185,0.0
31186,0.0
31187,0.0
31188,0.0
31189,0.0
31190,0.0
31191,0.0
31192,0.0
31193,0.0
31194,0.0
31195,0.0
31196,55039600.58530259
31197,0.0
31198,0.0
31199,158688387.7101643
31200,0.0
31201,0.0
31202,0.0
31203,0.0
31204,0.0
31205,0.0
31206,0.0
31207,0.0
31208,0.0
31209,0.0
31210,0.0
31211,0.0
31212,0.0
31213,0.0
31214,91916282.88732886
31215,0.0
31216,0.0
31217,0.0
31218,0.0
31219,0.0
31220,0.0
31221,0.0
31222,0.0
31223,0.0
31224,0.0
31225,0.0
31226,0.0
31227,0.0
31228,0.0
31229,447918557.93772984
31230,0.0
31231,0.0
31232,100749683.03273463
31233,202260015.43353963
31234,0.0
31235,0.0
31236,0.0
31237,0.0
31238,168025165.07945895
31239,0.0
31240,7076898.743826389
31241,168025165.07945895
31242,0.0
31243,0.0
31244,0.0
31245,0.0
31246,0.0
31247,0.0
31248,30908512.76564598
31249,0.0
31250,0.0
31251,0.0
31252,0.0
31253,0.0
31254,0.0
31255,0.0
31256,91666676.3873043
31257,0.0
31258,0.0
31259,0.0
31260,0.0
31261,0.0
31262,0.0
31263,0.0
31264,0.0
31265,148931746.43734908
31266,0.0
31267,0.0
31268,0.0
31269,0.0
31270,0.0
31271,0.0
31272,0.0
31273,0.0
31274,16947765.01304984
31275,50856905.87024903
31276,0.0
31277,383816660.03847885
31278,0.0
31279,0.0
31280,0.0
31281,0.0
31282,0.0
31283,0.0
31284,0.0
31285,0.0
31286,0.0
31287,0.0
31288,0.0
31289,0.0
31290,0.0
31291,0.0
31292,0.0
31293,0.0
31294,0.0
31295,0.0
31296,0.0
31297,12382118.89084673
31298,0.0
31299,0.0
31300,0.0
31301,0.0
31302,0.0
31303,0.0
31304,0.0
31305,0.0
31306,0.0
31307,0.0
31308,0.0
31309,0.0
31310,0.0
31311,0.0
31312,301495390.4045162
31313,0.0
31314,151615071.5213046
31315,0.0
31316,0.0
31317,0.0
31318,0.0
31319,91916282.88732886
31320,0.0
31321,0.0
31322,0.0
31323,0.0
31324,0.0
31325,296826917.690011
31326,429957239.73916435
31327,0.0
31328,0.0
31329,0.0
31330,0.0
31331,0.0
31332,229926261.8600154
31333,81584203.82592607
31334,0.0
31335,250396431.28038216
31336,0.0
31337,36518611.35472751
31338,0.0
31339,73790017.9118731
31340,149873745.57412338
31341,0.0
31342,0.0
31343,0.0
31344,0.0
31345,0.0
31346,0.0
31347,0.0
31348,0.0
31349,0.0
31350,0.0
31351,102632030.63743043
31352,0.0
31353,0.0
31354,0.0
31355,0.0
31356,0.0
31357,0.0
31358,0.0
31359,0.0
31360,0.0
31361,226159982.53767967
31362,0.0
31363,0.0
31364,0.0
31365,0.0
31366,0.0
31367,0.0
31368,0.0
31369,0.0
31370,0.0
31371,0.0
31372,0.0
31373,0.0
31374,0.0
31375,0.0
31376,157839589.76750112
31377,0.0
31378,0.0
31379,0.0
31380,0.0
31381,0.0
31382,207206709.37334538
31383,0.0
31384,0.0
31385,0.0
31386,0.0
31387,0.0
31388,0.0
31389,0.0
31390,0.0
31391,0.0
31392,0.0
31393,0.0
31394,39904499.98336649
31395,0.0
31396,0.0
31397,0.0
31398,776120429.1008173
31399,0.0
31400,473382496.21762455
31401,0.0
31402,0.0
31403,0.0
31404,300059557.5351162
31405,433771925.56001055
31406,0.0
31407,0.0
31408,0.0
31409,0.0
31410,0.0
31411,0.0
31412,0.0
31413,0.0
31414,0.0
31415,0.0
31416,0.0
31417,274182990.3396981
31418,0.0
31419,0.0
31420,0.0
31421,326625709.9242072
31422,0.0
31423,0.0
31424,0.0
31425,0.0
31426,163413677.48044586
31427,0.0
31428,0.0
31429,0.0
31430,0.0
31431,0.0
31432,0.0
31433,172442051.52188063
31434,0.0
31435,0.0
31436,0.0
31437,0.0
31438,0.0
31439,0.0
31440,0.0
31441,0.0
31442,0.0
31443,0.0
31444,0.0
31445,0.0
31446,0.0
31447,226562176.07545805
31448,0.0
31449,0.0
31450,0.0
31451,0.0
31452,0.0
31453,668606023.0301507
31454,0.0
31455,0.0
31456,0.0
31457,0.0
31458,0.0
31459,1157669.2746915817
31460,0.0
31461,0.0
31462,0.0
31463,0.0
31464,340210560.179533
31465,0.0
31466,0.0
31467,0.0
31468,0.0
31469,0.0
31470,0.0
31471,0.0
31472,0.0
31473,0.0
31474,0.0
31475,0.0
31476,0.0
31477,0.0
31478,355257937.661901
31479,0.0
31480,0.0
31481,0.0
31482,0.0
31483,0.0
31484,0.0
31485,0.0
31486,0.0
31487,218950629.9966638
31488,0.0
31489,0.0
31490,430942599.0844667
31491,131130384.69135237
31492,0.0
31493,0.0
31494,0.0
31495,0.0
31496,0.0
31497,0.0
31498,0.0
31499,0.0
31500,0.0
31501,0.0
31502,0.0
31503,99115216.03490162
31504,0.0
31505,0.0
31506,0.0
31507,0.0
31508,0.0
31509,89989829.74149466
31510,10422304.031862259
31511,0.0
31512,0.0
31513,0.0
31514,0.0
31515,0.0
31516,0.0
31517,53069191.04103947
31518,0.0
31519,0.0
31520,480534896.4707929
31521,90519086.22340441
31522,0.0
31523,0.0
31524,0.0
31525,0.0
31526,0.0
31527,0.0
31528,212806389.72978354
31529,0.0
31530,0.0
31531,0.0
31532,0.0
31533,0.0
31534,0.0
31535,0.0
31536,0.0
31537,0.0
31538,0.0
31539,0.0
31540,0.0
31541,0.0
31542,0.0
31543,0.0
31544,0.0
31545,0.0
31546,0.0
31547,0.0
31548,379183524.4824724
31549,0.0
31550,0.0
31551,110598077.50571775
31552,0.0
31553,0.0
31554,0.0
31555,0.0
31556,0.0
31557,0.0
31558,0.0
31559,0.0
31560,0.0
31561,0.0
31562,0.0
31563,0.0
31564,0.0
31565,0.0
31566,0.0
31567,0.0
31568,0.0
31569,0.0
31570,0.0
31571,302185831.5347898
31572,0.0
31573,0.0
31574,0.0
31575,0.0
31576,0.0
31577,0.0
31578,0.0
31579,0.0
31580,0.0
31581,0.0
31582,0.0
31583,0.0
31584,0.0
31585,91916282.88732886
31586,0.0
31587,0.0
31588,0.0
31589,0.0
31590,0.0
31591,0.0
31592,0.0
31593,0.0
31594,0.0
31595,26436891.442860603
31596,0.0
31597,81027392.41255617
31598,0.0
31599,0.0
31600,0.0
31601,0.0
31602,0.0
31603,0.0
31604,697838916.0112326
31605,0.0
31606,0.0
31607,0.0
31608,0.0
31609,9258485.554931879
31610,0.0
31611,19275596.89283538
31612,0.0
31613,0.0
31614,0.0
31615,0.0
31616,0.0
31617,0.0
31618,0.0
31619,0.0
31620,0.0
31621,0.0
31622,0.0
31623,0.0
31624,0.0
31625,0.0
31626,16593341.742922068
31627,0.0
31628,0.0
31629,0.0
31630,0.0
31631,0.0
31632,0.0
31633,169310640.18249607
31634,0.0
31635,0.0
31636,188631487.51688075
31637,0.0
31638,0.0
31639,0.0
31640,0.0
31641,0.0
31642,0.0
31643,0.0
31644,0.0
31645,0.0
31646,0.0
31647,31413694.69375968
31648,0.0
31649,148343316.9165945
31650,0.0
31651,0.0
31652,0.0
31653,57453282.7693367
31654,0.0
31655,0.0
31656,0.0
31657,0.0
31658,0.0
31659,0.0
31660,374419800.94347143
31661,156452557.4345994
31662,0.0
31663,0.0
31664,0.0
31665,0.0
31666,334865363.669708
31667,0.0
31668,0.0
31669,0.0
31670,0.0
31671,0.0
31672,0.0
31673,0.0
31674,0.0
31675,0.0
31676,0.0
31677,0.0
31678,0.0
31679,0.0
31680,258180621.86510038
31681,0.0
31682,0.0
31683,91916282.88732886
31684,0.0
31685,0.0
31686,0.0
31687,0.0
31688,0.0
31689,0.0
31690,3160149.620506525
31691,0.0
31692,0.0
31693,0.0
31694,0.0
31695,0.0
31696,0.0
31697,0.0
31698,0.0
31699,0.0
31700,114944408.64424944
31701,0.0
31702,0.0
31703,0.0
31704,0.0
31705,0.0
31706,0.0
31707,0.0
31708,0.0
31709,0.0
31710,0.0
31711,0.0
31712,0.0
31713,0.0
31714,0.0
31715,0.0
31716,0.0
31717,0.0
31718,0.0
31719,337834466.074286
31720,0.0
31721,0.0
31722,0.0
31723,0.0
31724,0.0
31725,0.0
31726,0.0
31727,103093139.67997646
31728,0.0
31729,0.0
31730,0.0
31731,0.0
31732,0.0
31733,0.0
31734,0.0
31735,0.0
31736,0.0
31737,0.0
31738,0.0
31739,0.0
31740,0.0
31741,0.0
31742,0.0
31743,0.0
31744,0.0
31745,0.0
31746,0.0
31747,0.0
31748,0.0
31749,0.0
31750,0.0
31751,0.0
31752,0.0
31753,0.0
31754,0.0
31755,0.0
31756,0.0
31757,0.0
31758,0.0
31759,0.0
31760,0.0
31761,0.0
31762,0.0
31763,0.0
31764,144654558.91342926
31765,0.0
31766,0.0
31767,0.0
31768,0.0
31769,0.0
31770,0.0
31771,0.0
31772,82462210.64002657
31773,384571274.7292974
31774,0.0
31775,0.0
31776,0.0
31777,0.0
31778,0.0
31779,0.0
31780,0.0
31781,4138223.1205644608
31782,313424865.455286
31783,0.0
31784,340469461.4592285
31785,0.0
31786,0.0
31787,112853298.80635357
31788,0.0
31789,0.0
31790,0.0
31791,0.0
31792,0.0
31793,21489451.2692945
31794,0.0
31795,0.0
31796,0.0
31797,0.0
31798,0.0
31799,207425807.51650214
31800,0.0
31801,0.0
31802,0.0
31803,0.0
31804,138925266.6099019
31805,0.0
31806,0.0
31807,0.0
31808,190788567.29272532
31809,0.0
31810,0.0
31811,0.0
31812,0.0
31813,0.0
31814,0.0
31815,0.0
31816,35047307.9783349
31817,0.0
31818,0.0
31819,0.0
31820,0.0
31821,0.0
31822,0.0
31823,0.0
31824,0.0
31825,0.0
31826,97875780.02090406
31827,0.0
31828,0.0
31829,0.0
31830,0.0
31831,0.0
31832,0.0
31833,0.0
31834,0.0
31835,0.0
31836,0.0
31837,0.0
31838,0.0
31839,0.0
31840,0.0
31841,0.0
31842,6708280.821381092
31843,0.0
31844,0.0
31845,0.0
31846,0.0
31847,239978659.2067976
31848,0.0
31849,0.0
31850,157839589.76750112
31851,0.0
31852,0.0
31853,0.0
31854,151615071.5213046
31855,0.0
31856,0.0
31857,0.0
31858,0.0
31859,0.0
31860,0.0
31861,0.0
31862,0.0
31863,0.0
31864,0.0
31865,476793926.53303456
31866,0.0
31867,0.0
31868,0.0
31869,0.0
31870,0.0
31871,0.0
31872,0.0
31873,0.0
31874,0.0
31875,0.0
31876,0.0
31877,0.0
31878,642859152.1027015
31879,0.0
31880,0.0
31881,0.0
31882,0.0
31883,0.0
31884,0.0
31885,0.0
31886,0.0
31887,0.0
31888,0.0
31889,0.0
31890,0.0
31891,634193796.5311695
31892,0.0
31893,0.0
31894,0.0
31895,0.0
31896,0.0
31897,0.0
31898,0.0
31899,0.0
31900,78970467.33153248
31901,0.0
31902,0.0
31903,222518709.9093039
31904,0.0
31905,0.0
31906,0.0
31907,0.0
31908,0.0
31909,0.0
31910,0.0
31911,0.0
31912,0.0
31913,0.0
31914,0.0
31915,0.0
31916,0.0
31917,0.0
31918,348892131.293695
31919,0.0
31920,0.0
31921,320785561.74413586
31922,142351298.57899332
31923,0.0
31924,0.0
31925,24784093.697678328
31926,0.0
31927,0.0
31928,0.0
31929,0.0
31930,0.0
31931,0.0
31932,0.0
31933,271557208.33376527
31934,23519586.606151342
31935,0.0
31936,0.0
31937,0.0
31938,319926155.9115617
31939,79696465.48620605
31940,0.0
31941,0.0
31942,0.0
31943,0.0
31944,0.0
31945,0.0
31946,0.0
31947,0.0
31948,0.0
31949,292113132.87007666
31950,0.0
31951,321835147.9667177
31952,0.0
31953,0.0
31954,0.0
31955,0.0
31956,0.0
31957,0.0
31958,274403700.1992214
31959,0.0
31960,0.0
31961,0.0
31962,133584538.84118342
31963,0.0
31964,0.0
31965,70979265.66357517
31966,0.0
31967,0.0
31968,0.0
31969,0.0
31970,0.0
31971,0.0
31972,0.0
31973,0.0
31974,0.0
31975,0.0
31976,0.0
31977,0.0
31978,0.0
31979,0.0
31980,0.0
31981,0.0
31982,0.0
31983,0.0
31984,0.0
31985,0.0
31986,0.0
31987,0.0
31988,0.0
31989,0.0
31990,0.0
31991,0.0
31992,0.0
31993,0.0
31994,0.0
31995,287995747.28858495
31996,0.0
31997,0.0
31998,0.0
31999,0.0
32000,0.0
32001,0.0
32002,0.0
32003,0.0
32004,0.0
32005,0.0
32006,0.0
32007,0.0
32008,0.0
32009,0.0
32010,0.0
32011,0.0
32012,0.0
32013,0.0
32014,0.0
32015,289497822.8572843
32016,0.0
32017,0.0
32018,0.0
32019,0.0
32020,0.0
32021,0.0
32022,0.0
32023,0.0
32024,0.0
32025,0.0
32026,0.0
32027,0.0
32028,0.0
32029,0.0
32030,0.0
32031,0.0
32032,0.0
32033,77691602.8886981
32034,0.0
32035,0.0
32036,0.0
32037,0.0
32038,0.0
32039,0.0
32040,0.0
32041,0.0
32042,157839589.76750112
32043,0.0
32044,0.0
32045,0.0
32046,0.0
32047,0.0
32048,51239049.507274866
32049,0.0
32050,0.0
32051,0.0
32052,0.0
32053,0.0
32054,27665142.394973516
32055,0.0
32056,0.0
32057,0.0
32058,254552373.26123333
32059,0.0
32060,0.0
32061,0.0
32062,0.0
32063,0.0
32064,0.0
32065,0.0
32066,0.0
32067,0.0
32068,0.0
32069,0.0
32070,0.0
32071,0.0
32072,0.0
32073,0.0
32074,0.0
32075,0.0
32076,0.0
32077,0.0
32078,0.0
32079,0.0
32080,0.0
32081,0.0
32082,0.0
32083,0.0
32084,0.0
32085,0.0
32086,0.0
32087,0.0
32088,0.0
32089,267743414.89923978
32090,0.0
32091,0.0
32092,0.0
32093,357719308.2758405
32094,0.0
32095,0.0
32096,0.0
32097,0.0
32098,0.0
32099,0.0
32100,0.0
32101,0.0
32102,0.0
32103,0.0
32104,0.0
32105,0.0
32106,0.0
32107,0.0
32108,0.0
32109,0.0
32110,0.0
32111,0.0
32112,0.0
32113,0.0
32114,0.0
32115,430508962.89166236
32116,0.0
32117,0.0
32118,0.0
32119,0.0
32120,0.0
32121,0.0
32122,0.0
32123,0.0
32124,0.0
32125,0.0
32126,0.0
32127,0.0
32128,168025165.07945895
32129,320003281.4354186
32130,0.0
32131,0.0
32132,0.0
32133,0.0
32134,0.0
32135,0.0
32136,0.0
32137,0.0
32138,158688387.7101643
32139,0.0
32140,151773778.81222367
32141,0.0
32142,0.0
32143,102882192.19268799
32144,0.0
32145,0.0
32146,0.0
32147,0.0
32148,0.0
32149,0.0
32150,0.0
32151,0.0
32152,0.0
32153,0.0
32154,0.0
32155,0.0
32156,152467396.1044097
32157,0.0
32158,0.0
32159,0.0
32160,0.0
32161,0.0
32162,0.0
32163,0.0
32164,0.0
32165,0.0
32166,0.0
32167,0.0
32168,0.0
32169,0.0
32170,0.0
32171,0.0
32172,0.0
32173,0.0
32174,0.0
32175,0.0
32176,283103139.34587836
32177,0.0
32178,0.0
32179,0.0
32180,0.0
32181,0.0
32182,0.0
32183,0.0
32184,0.0
32185,0.0
32186,254086304.36699343
32187,0.0
32188,0.0
32189,0.0
32190,0.0
32191,0.0
32192,0.0
32193,0.0
32194,0.0
32195,0.0
32196,0.0
32197,0.0
32198,0.0
32199,455533859.29480875
32200,0.0
32201,0.0
32202,0.0
32203,231703238.47899437
32204,0.0
32205,0.0
32206,0.0
32207,0.0
32208,0.0
32209,0.0
32210,0.0
32211,0.0
32212,0.0
32213,0.0
32214,0.0
32215,83907524.44609046
32216,187610079.69752645
32217,0.0
32218,0.0
32219,0.0
32220,0.0
32221,0.0
32222,0.0
32223,0.0
32224,0.0
32225,222198518.76651645
32226,203628630.97723007
32227,0.0
32228,0.0
32229,0.0
32230,0.0
32231,0.0
32232,0.0
32233,0.0
32234,0.0
32235,0.0
32236,26670083.324620724
32237,0.0
32238,4867376.780888319
32239,0.0
32240,324380349.3729718
32241,0.0
32242,0.0
32243,0.0
32244,346357133.93319345
32245,0.0
32246,0.0
32247,0.0
32248,0.0
32249,0.0
32250,0.0
32251,0.0
32252,31777769.825005293
32253,0.0
32254,0.0
32255,0.0
32256,0.0
32257,0.0
32258,4029453.4072368145
32259,0.0
32260,0.0
32261,0.0
32262,0.0
32263,335647250.31229234
32264,0.0
32265,0.0
32266,0.0
32267,112853298.80635357
32268,388035697.2020221
32269,0.0
32270,0.0
32271,0.0
32272,0.0
32273,0.0
32274,0.0
32275,0.0
32276,0.0
32277,0.0
32278,0.0
32279,0.0
32280,0.0
32281,0.0
32282,0.0
32283,0.0
32284,0.0
32285,0.0
32286,0.0
32287,29434357.333513737
32288,0.0
32289,0.0
32290,0.0
32291,283277040.94447875
32292,0.0
32293,465638591.2654004
32294,0.0
32295,0.0
32296,0.0
32297,0.0
32298,0.0
32299,174323121.2344699
32300,0.0
32301,0.0
32302,0.0
32303,0.0
32304,0.0
32305,0.0
32306,0.0
32307,0.0
32308,135889024.33701444
32309,57124531.68433094
32310,0.0
32311,5308802.701987028
32312,0.0
32313,0.0
32314,0.0
32315,0.0
32316,0.0
32317,0.0
32318,0.0
32319,0.0
32320,0.0
32321,0.0
32322,82575346.53010178
32323,0.0
32324,477536398.6781521
32325,0.0
32326,0.0
32327,0.0
32328,0.0
32329,96402226.54990435
32330,41704057.06714082
32331,20085933.70176053
32332,0.0
32333,0.0
32334,288871948.878427
32335,0.0
32336,0.0
32337,96867569.23200655
32338,0.0
32339,0.0
32340,0.0
32341,540495467.1172576
32342,0.0
32343,135012716.03930068
32344,0.0
32345,0.0
32346,0.0
32347,17397011.918964863
32348,0.0
32349,0.0
32350,0.0
32351,0.0
32352,0.0
32353,0.0
32354,0.0
32355,0.0
32356,114050703.44447899
32357,0.0
32358,0.0
32359,0.0
32360,102968581.7979672
32361,0.0
32362,0.0
32363,0.0
32364,0.0
32365,0.0
32366,0.0
32367,0.0
32368,0.0
32369,0.0
32370,0.0
32371,0.0
32372,0.0
32373,0.0
32374,0.0
32375,0.0
32376,0.0
32377,339603482.22804856
32378,0.0
32379,0.0
32380,0.0
32381,0.0
32382,0.0
32383,0.0
32384,0.0
32385,0.0
32386,0.0
32387,0.0
32388,0.0
32389,0.0
32390,0.0
32391,0.0
32392,42177264.30581522
32393,0.0
32394,0.0
32395,0.0
32396,0.0
32397,0.0
32398,0.0
32399,0.0
32400,21627670.266441822
32401,0.0
32402,0.0
32403,0.0
32404,0.0
32405,0.0
32406,0.0
32407,0.0
32408,181018305.76784325
32409,0.0
32410,0.0
32411,0.0
32412,0.0
32413,0.0
32414,0.0
32415,0.0
32416,0.0
32417,98734509.3248043
32418,0.0
32419,0.0
32420,0.0
32421,0.0
32422,251922664.14627838
32423,0.0
32424,9238796.767594337
32425,0.0
32426,0.0
32427,0.0
32428,0.0
32429,0.0
32430,0.0
32431,0.0
32432,0.0
32433,0.0
32434,0.0
32435,0.0
32436,0.0
32437,0.0
32438,0.0
32439,421694258.3582618
32440,145958777.16535544
32441,0.0
32442,0.0
32443,0.0
32444,432578465.4625397
32445,0.0
32446,0.0
32447,0.0
32448,0.0
32449,0.0
32450,0.0
32451,0.0
32452,0.0
32453,165195838.60391498
32454,0.0
32455,0.0
32456,0.0
32457,0.0
32458,0.0
32459,0.0
32460,0.0
32461,0.0
32462,0.0
32463,272664719.4212334
32464,0.0
32465,0.0
32466,0.0
32467,0.0
32468,0.0
32469,0.0
32470,0.0
32471,0.0
32472,0.0
32473,0.0
32474,0.0
32475,0.0
32476,185085841.9979763
32477,0.0
32478,0.0
32479,0.0
32480,0.0
32481,45234448.46497154
32482,0.0
32483,0.0
32484,0.0
32485,0.0
32486,0.0
32487,0.0
32488,0.0
32489,0.0
32490,124206483.19942856
32491,176244300.07902122
32492,0.0
32493,0.0
32494,96150485.59604645
32495,0.0
32496,0.0
32497,95687069.56102538
32498,0.0
32499,0.0
32500,0.0
32501,0.0
32502,0.0
32503,0.0
32504,290839710.2275448
32505,88421033.33246899
32506,0.0
32507,0.0
32508,0.0
32509,185051468.8207972
32510,0.0
32511,342667613.0474982
32512,433501442.54550385
32513,0.0
32514,0.0
32515,0.0
32516,0.0
32517,0.0
32518,0.0
32519,0.0
32520,0.0
32521,0.0
32522,0.0
32523,0.0
32524,0.0
32525,0.0
32526,0.0
32527,0.0
32528,0.0
32529,0.0
32530,0.0
32531,0.0
32532,0.0
32533,0.0
32534,0.0
32535,0.0
32536,0.0
32537,158688387.7101643
32538,160653903.81371522
32539,0.0
32540,0.0
32541,83288256.42290115
32542,0.0
32543,0.0
32544,0.0
32545,0.0
32546,0.0
32547,196749515.19916296
32548,0.0
32549,0.0
32550,0.0
32551,0.0
32552,0.0
32553,55707749.43200803
32554,0.0
32555,0.0
32556,0.0
32557,0.0
32558,112853298.80635357
32559,558213225.4037884
32560,165662536.3058629
32561,0.0
32562,43027421.77520776
32563,0.0
32564,60405228.42357445
32565,0.0
32566,0.0
32567,0.0
32568,0.0
32569,0.0
32570,0.0
32571,0.0
32572,0.0
32573,0.0
32574,0.0
32575,0.0
32576,0.0
32577,0.0
32578,0.0
32579,0.0
32580,297032749.18797994
32581,0.0
32582,0.0
32583,0.0
32584,0.0
32585,0.0
32586,0.0
32587,13830398.802760601
32588,91916282.88732886
32589,0.0
32590,0.0
32591,0.0
32592,0.0
32593,0.0
32594,0.0
32595,158688387.7101643
32596,0.0
32597,0.0
32598,0.0
32599,0.0
32600,0.0
32601,0.0
32602,0.0
32603,0.0
32604,0.0
32605,0.0
32606,0.0
32607,0.0
32608,0.0
32609,0.0
32610,0.0
32611,0.0
32612,0.0
32613,24130562.441884518
32614,0.0
32615,334462566.2684212
32616,0.0
32617,0.0
32618,0.0
32619,0.0
32620,0.0
32621,174330587.3221898
32622,0.0
32623,0.0
32624,0.0
32625,0.0
32626,346682394.32658625
32627,0.0
32628,0.0
32629,0.0
32630,0.0
32631,93572900.07436061
32632,0.0
32633,63748874.79060984
32634,226570165.53061533
32635,0.0
32636,279745149.5174508
32637,0.0
32638,0.0
32639,0.0
32640,0.0
32641,156912744.2039261
32642,0.0
32643,0.0
32644,201956902.81374002
32645,69927127.4200542
32646,0.0
32647,0.0
32648,12882831.673223972
32649,0.0
32650,0.0
32651,0.0
32652,0.0
32653,0.0
32654,247446886.44452477
32655,0.0
32656,0.0
32657,158239454.14056396
32658,282006318.71595955
32659,0.0
32660,0.0
32661,40707401.98203421
32662,0.0
32663,0.0
32664,0.0
32665,0.0
32666,0.0
32667,0.0
32668,0.0
32669,0.0
32670,18424787.17492509
32671,0.0
32672,0.0
32673,0.0
32674,0.0
32675,0.0
32676,0.0
32677,0.0
32678,0.0
32679,13087298.545716286
32680,0.0
32681,0.0
32682,0.0
32683,0.0
32684,0.0
32685,40782569.5939033
32686,0.0
32687,6084064.740469456
32688,0.0
32689,0.0
32690,0.0
32691,0.0
32692,0.0
32693,8270853.48196435
32694,0.0
32695,0.0
32696,0.0
32697,0.0
32698,0.0
32699,26011944.81090021
32700,0.0
32701,0.0
32702,0.0
32703,0.0
32704,0.0
32705,0.0
32706,0.0
32707,0.0
32708,0.0
32709,374383153.55422735
32710,0.0
32711,372292003.2556546
32712,0.0
32713,0.0
32714,0.0
32715,0.0
32716,253649340.22691727
32717,0.0
32718,0.0
32719,352846834.3609252
32720,199699214.49118757
32721,0.0
32722,0.0
32723,0.0
32724,0.0
32725,0.0
32726,0.0
32727,0.0
32728,0.0
32729,0.0
32730,0.0
32731,0.0
32732,0.0
32733,0.0
32734,0.0
32735,0.0
32736,0.0
32737,0.0
32738,0.0
32739,0.0
32740,0.0
32741,17318731.995323896
32742,0.0
32743,0.0
32744,0.0
32745,376806349.662447
32746,0.0
32747,0.0
32748,0.0
32749,0.0
32750,0.0
32751,0.0
32752,0.0
32753,0.0
32754,0.0
32755,0.0
32756,0.0
32757,0.0
32758,0.0
32759,0.0
32760,0.0
32761,0.0
32762,0.0
32763,0.0
32764,0.0
32765,0.0
32766,104994425.59821224
32767,218289937.44025326
32768,0.0
32769,0.0
32770,0.0
32771,0.0
32772,0.0
32773,0.0
32774,0.0
32775,0.0
32776,191249465.26104045
32777,317279098.2485292
32778,42116097.33531189
32779,0.0
32780,45400806.41873503
32781,0.0
32782,41205783.18731499
32783,121470365.1080265
32784,0.0
32785,0.0
32786,0.0
32787,0.0
32788,300767022.12284255
32789,0.0
32790,0.0
32791,0.0
32792,227812393.97418976
32793,0.0
32794,0.0
32795,45383307.59517431
32796,0.0
32797,121584873.84850216
32798,300332330.8353331
32799,0.0
32800,0.0
32801,0.0
32802,0.0
32803,247275106.6077237
32804,0.0
32805,0.0
32806,0.0
32807,0.0
32808,48125221.086684704
32809,0.0
32810,1039285.6553087234
32811,319991657.72042155
32812,0.0
32813,0.0
32814,0.0
32815,0.0
32816,0.0
32817,0.0
32818,0.0
32819,0.0
32820,280034847.8415749
32821,0.0
32822,0.0
32823,0.0
32824,0.0
32825,0.0
32826,0.0
32827,0.0
32828,0.0
32829,0.0
32830,0.0
32831,19804250.912633657
32832,0.0
32833,0.0
32834,0.0
32835,245287406.17530012
32836,0.0
32837,41294189.221039295
32838,335443190.92841935
32839,0.0
32840,24602964.66767764
32841,0.0
32842,0.0
32843,0.0
32844,0.0
32845,0.0
32846,0.0
32847,0.0
32848,0.0
32849,0.0
32850,0.0
32851,0.0
32852,0.0
32853,0.0
32854,0.0
32855,0.0
32856,269239280.61363935
32857,0.0
32858,0.0
32859,0.0
32860,0.0
32861,154076617.19343352
32862,0.0
32863,0.0
32864,265486144.1646254
32865,0.0
32866,0.0
32867,0.0
32868,0.0
32869,0.0
32870,0.0
32871,0.0
32872,0.0
32873,252321335.09266257
32874,0.0
32875,0.0
32876,263765666.4268136
32877,0.0
32878,0.0
32879,0.0
32880,75875465.04187655
32881,0.0
32882,0.0
32883,0.0
32884,0.0
32885,0.0
32886,215757271.1532693
32887,0.0
32888,0.0
32889,0.0
32890,0.0
32891,0.0
32892,311013831.0235915
32893,0.0
32894,0.0
32895,0.0
32896,0.0
32897,0.0
32898,0.0
32899,0.0
32900,13533775.506520987
32901,279543736.9508159
32902,0.0
32903,0.0
32904,0.0
32905,45202403.2419858
32906,256942243.61593628
32907,0.0
32908,0.0
32909,0.0
32910,0.0
32911,351507935.46698856
32912,0.0
32913,0.0
32914,0.0
32915,0.0
32916,0.0
32917,0.0
32918,0.0
32919,0.0
32920,177234557.92946362
32921,0.0
32922,0.0
32923,26939100.56000662
32924,0.0
32925,224848501.19592476
32926,0.0
32927,0.0
32928,256088535.76533175
32929,0.0
32930,0.0
32931,0.0
32932,0.0
32933,174765911.01714516
32934,287969073.64762926
32935,0.0
32936,0.0
32937,183934223.85058022
32938,0.0
32939,0.0
32940,0.0
32941,0.0
32942,0.0
32943,355700159.20543075
32944,0.0
32945,0.0
32946,0.0
32947,0.0
32948,0.0
32949,0.0
32950,0.0
32951,0.0
32952,0.0
32953,0.0
32954,0.0
32955,0.0
32956,0.0
32957,0.0
32958,0.0
32959,0.0
32960,0.0
32961,0.0
32962,0.0
32963,0.0
32964,358460465.1970544
32965,0.0
32966,0.0
32967,0.0
32968,0.0
32969,193083226.5274365
32970,42226459.37353349
32971,0.0
32972,384234117.1941619
32973,0.0
32974,0.0
32975,0.0
32976,127651447.36829591
32977,0.0
32978,0.0
32979,0.0
32980,0.0
32981,35288102.279601574
32982,0.0
32983,114396735.29951668
32984,249099885.68987942
32985,176784114.8309071
32986,0.0
32987,0.0
32988,0.0
32989,0.0
32990,0.0
32991,0.0
32992,0.0
32993,209225724.10094118
32994,0.0
32995,0.0
32996,0.0
32997,0.0
32998,0.0
32999,0.0
33000,0.0
33001,0.0
33002,0.0
33003,0.0
33004,0.0
33005,0.0
33006,0.0
33007,117247896.29987836
33008,0.0
33009,0.0
33010,0.0
33011,0.0
33012,0.0
33013,0.0
33014,0.0
33015,230060419.320853
33016,0.0
33017,4433014.6989068985
33018,275484937.9595964
33019,0.0
33020,0.0
33021,0.0
33022,0.0
33023,0.0
33024,0.0
33025,0.0
33026,0.0
33027,0.0
33028,0.0
33029,98553383.22072339
33030,0.0
33031,0.0
33032,0.0
33033,94371326.05568218
33034,0.0
33035,0.0
33036,0.0
33037,254400622.94194913
33038,0.0
33039,0.0
33040,0.0
33041,0.0
33042,0.0
33043,0.0
33044,0.0
33045,0.0
33046,0.0
33047,0.0
33048,0.0
33049,0.0
33050,0.0
33051,106999608.88809395
33052,0.0
33053,0.0
33054,0.0
33055,0.0
33056,0.0
33057,0.0
33058,75174689.72385454
33059,0.0
33060,41489257.07066584
33061,0.0
33062,0.0
33063,0.0
33064,0.0
33065,0.0
33066,0.0
33067,0.0
33068,207951950.6884668
33069,0.0
33070,0.0
33071,0.0
33072,0.0
33073,0.0
33074,0.0
33075,0.0
33076,0.0
33077,174630391.78882575
33078,0.0
33079,0.0
33080,0.0
33081,0.0
33082,0.0
33083,14151180.786150932
33084,0.0
33085,0.0
33086,0.0
33087,265766834.80769587
33088,0.0
33089,0.0
33090,0.0
33091,0.0
33092,0.0
33093,0.0
33094,0.0
33095,0.0
33096,0.0
33097,0.0
33098,61569270.99485397
33099,0.0
33100,0.0
33101,411691598.06803083
33102,0.0
33103,564769741.377691
33104,407176256.68989825
33105,0.0
33106,89570009.38369322
33107,0.0
33108,0.0
33109,0.0
33110,0.0
33111,107215122.52117157
33112,0.0
33113,0.0
33114,154331231.33205867
33115,0.0
33116,95540428.65694189
33117,357291620.3289652
33118,0.0
33119,0.0
33120,0.0
33121,291435477.3990822
33122,94074718.23769808
33123,0.0
33124,544115658.106221
33125,0.0
33126,29225785.513747692
33127,159706831.96840572
33128,0.0
33129,0.0
33130,0.0
33131,0.0
33132,225464291.25544572
33133,0.0
33134,0.0
33135,0.0
33136,0.0
33137,0.0
33138,0.0
33139,63667653.80213523
33140,0.0
33141,324353287.13881373
33142,0.0
33143,0.0
33144,0.0
33145,0.0
33146,133038281.004426
33147,0.0
33148,0.0
33149,0.0
33150,112020613.3057549
33151,124473842.6128006
33152,0.0
33153,0.0
33154,0.0
33155,0.0
33156,0.0
33157,177644875.096308
33158,0.0
33159,355582702.53142405
33160,0.0
33161,0.0
33162,0.0
33163,0.0
33164,43644410.64167929
33165,0.0
33166,0.0
33167,173411029.37986898
33168,0.0
33169,0.0
33170,0.0
33171,0.0
33172,0.0
33173,0.0
33174,289306615.4783144
33175,0.0
33176,0.0
33177,0.0
33178,321744967.83034563
33179,0.0
33180,0.0
33181,0.0
33182,0.0
33183,0.0
33184,0.0
33185,0.0
33186,282446221.7093854
33187,4746219.563985825
33188,0.0
33189,0.0
33190,0.0
33191,0.0
33192,0.0
33193,0.0
33194,0.0
33195,72832638.2563281
33196,0.0
33197,0.0
33198,0.0
33199,0.0
33200,0.0
33201,52115377.048567295
33202,0.0
33203,0.0
33204,0.0
33205,0.0
33206,0.0
33207,0.0
33208,0.0
33209,0.0
33210,0.0
33211,0.0
33212,0.0
33213,240249728.1441307
33214,230088107.97469258
33215,0.0
33216,0.0
33217,0.0
33218,237463679.92042446
33219,0.0
33220,0.0
33221,356849283.9648752
33222,0.0
33223,0.0
33224,0.0
33225,0.0
33226,0.0
33227,0.0
33228,0.0
33229,0.0
33230,0.0
33231,0.0
33232,0.0
33233,0.0
33234,0.0
33235,0.0
33236,0.0
33237,0.0
33238,0.0
33239,0.0
33240,0.0
33241,0.0
33242,423178386.28117466
33243,153321326.38615847
33244,0.0
33245,0.0
33246,0.0
33247,0.0
33248,0.0
33249,0.0
33250,0.0
33251,0.0
33252,0.0
33253,168025165.07945895
33254,390607100.2758379
33255,0.0
33256,0.0
33257,0.0
33258,0.0
33259,346948600.64224815
33260,0.0
33261,0.0
33262,0.0
33263,0.0
33264,0.0
33265,0.0
33266,0.0
33267,0.0
33268,0.0
33269,108731575.8295722
33270,628995452.3725367
33271,205728211.63117576
33272,41843480.6352582
33273,0.0
33274,112853298.80635357
33275,0.0
33276,0.0
33277,144676031.25041676
33278,478893783.9786737
33279,0.0
33280,0.0
33281,362699530.7406161
33282,0.0
33283,0.0
33284,0.0
33285,0.0
33286,0.0
33287,0.0
33288,0.0
33289,348449908.3700509
33290,3183474.521893263
33291,0.0
33292,0.0
33293,0.0
33294,0.0
33295,0.0
33296,0.0
33297,0.0
33298,0.0
33299,0.0
33300,0.0
33301,0.0
33302,0.0
33303,0.0
33304,0.0
33305,0.0
33306,0.0
33307,0.0
33308,0.0
33309,0.0
33310,0.0
33311,0.0
33312,0.0
33313,0.0
33314,0.0
33315,0.0
33316,0.0
33317,0.0
33318,0.0
33319,202873918.45752072
33320,0.0
33321,0.0
33322,125634675.86095524
33323,0.0
33324,0.0
33325,0.0
33326,0.0
33327,35126552.16744375
33328,76177736.37434769
33329,0.0
33330,0.0
33331,0.0
33332,0.0
33333,0.0
33334,26484866.73156023
33335,0.0
33336,0.0
33337,0.0
33338,0.0
33339,48732599.79261255
33340,0.0
33341,0.0
33342,0.0
33343,30363106.587233067
33344,0.0
33345,122687865.68140244
33346,0.0
33347,0.0
33348,0.0
33349,0.0
33350,0.0
33351,0.0
33352,0.0
33353,0.0
33354,0.0
33355,0.0
33356,0.0
33357,0.0
33358,0.0
33359,0.0
33360,0.0
33361,0.0
33362,0.0
33363,135070508.0342772
33364,0.0
33365,0.0
33366,0.0
33367,0.0
33368,0.0
33369,0.0
33370,0.0
33371,13282635.18070364
33372,20887091.425723076
33373,157508896.2858982
33374,0.0
33375,0.0
33376,0.0
33377,0.0
33378,0.0
33379,0.0
33380,0.0
33381,0.0
33382,0.0
33383,0.0
33384,0.0
33385,0.0
33386,0.0
33387,0.0
33388,0.0
33389,0.0
33390,104994425.59821224
33391,0.0
33392,0.0
33393,0.0
33394,0.0
33395,0.0
33396,0.0
33397,79950327.46337605
33398,0.0
33399,0.0
33400,0.0
33401,0.0
33402,0.0
33403,0.0
33404,0.0
33405,0.0
33406,21651873.272654533
33407,112853298.80635357
33408,0.0
33409,0.0
33410,0.0
33411,0.0
33412,0.0
33413,0.0
33414,0.0
33415,0.0
33416,0.0
33417,0.0
33418,0.0
33419,0.0
33420,0.0
33421,0.0
33422,0.0
33423,207991235.88155794
33424,163480539.0204661
33425,0.0
33426,0.0
33427,0.0
33428,0.0
33429,0.0
33430,0.0
33431,0.0
33432,0.0
33433,0.0
33434,0.0
33435,0.0
33436,0.0
33437,35839359.85829306
33438,0.0
33439,0.0
33440,0.0
33441,0.0
33442,0.0
33443,0.0
33444,0.0
33445,0.0
33446,0.0
33447,0.0
33448,183293162.3366344
33449,0.0
33450,0.0
33451,0.0
33452,0.0
33453,18839515.56659293
33454,0.0
33455,0.0
33456,0.0
33457,388745149.6072931
33458,0.0
33459,0.0
33460,0.0
33461,0.0
33462,0.0
33463,0.0
33464,0.0
33465,0.0
33466,529969025.7285017
33467,0.0
33468,476494755.3407228
33469,0.0
33470,0.0
33471,0.0
33472,0.0
33473,0.0
33474,303965496.05137634
33475,0.0
33476,0.0
33477,0.0
33478,0.0
33479,0.0
33480,90264177.68942022
33481,0.0
33482,0.0
33483,0.0
33484,0.0
33485,0.0
33486,0.0
33487,0.0
33488,0.0
33489,0.0
33490,0.0
33491,0.0
33492,31313253.751187086
33493,0.0
33494,0.0
33495,0.0
33496,0.0
33497,0.0
33498,0.0
33499,28908932.217016697
33500,0.0
33501,0.0
33502,0.0
33503,0.0
33504,0.0
33505,105813308.76502323
33506,0.0
33507,0.0
33508,0.0
33509,0.0
33510,0.0
33511,27348671.202923536
33512,0.0
33513,0.0
33514,0.0
33515,0.0
33516,0.0
33517,344930603.7312579
33518,163055658.29217649
33519,164276416.36774993
33520,0.0
33521,0.0
33522,0.0
33523,0.0
33524,0.0
33525,0.0
33526,0.0
33527,189325832.25335646
33528,237756316.06173897
33529,0.0
33530,0.0
33531,26959888.917428493
33532,73281431.57848167
33533,0.0
33534,0.0
33535,0.0
33536,0.0
33537,0.0
33538,0.0
33539,0.0
33540,0.0
33541,0.0
33542,0.0
33543,0.0
33544,0.0
33545,0.0
33546,0.0
33547,0.0
33548,0.0
33549,0.0
33550,0.0
33551,0.0
33552,0.0
33553,0.0
33554,0.0
33555,0.0
33556,180008924.2865615
33557,0.0
33558,0.0
33559,0.0
33560,0.0
33561,0.0
33562,0.0
33563,0.0
33564,24212308.687353134
33565,0.0
33566,0.0
33567,0.0
33568,0.0
33569,0.0
33570,0.0
33571,0.0
33572,0.0
33573,0.0
33574,0.0
33575,0.0
33576,0.0
33577,0.0
33578,0.0
33579,0.0
33580,0.0
33581,0.0
33582,0.0
33583,286929881.4792843
33584,361572283.1479535
33585,230051738.63153362
33586,0.0
33587,0.0
33588,0.0
33589,0.0
33590,0.0
33591,0.0
33592,0.0
33593,0.0
33594,0.0
33595,0.0
33596,0.0
33597,19742751.466472626
33598,0.0
33599,0.0
33600,0.0
33601,0.0
33602,0.0
33603,0.0
33604,0.0
33605,0.0
33606,263457043.82669544
33607,0.0
33608,0.0
33609,188742580.71372104
33610,0.0
33611,140297765.61912894
33612,62441908.65784311
33613,0.0
33614,0.0
33615,0.0
33616,166807048.42741585
33617,0.0
33618,623336799.421449
33619,0.0
33620,0.0
33621,0.0
33622,0.0
33623,0.0
33624,0.0
33625,0.0
33626,0.0
33627,0.0
33628,0.0
33629,0.0
33630,0.0
33631,0.0
33632,0.0
33633,0.0
33634,0.0
33635,0.0
33636,0.0
33637,0.0
33638,0.0
33639,0.0
33640,0.0
33641,0.0
33642,0.0
33643,0.0
33644,0.0
33645,0.0
33646,0.0
33647,18296727.10902977
33648,0.0
33649,56332983.81841254
33650,0.0
33651,0.0
33652,0.0
33653,0.0
33654,0.0
33655,0.0
33656,0.0
33657,0.0
33658,0.0
33659,217537301.4066186
33660,0.0
33661,0.0
33662,0.0
33663,0.0
33664,0.0
33665,0.0
33666,480752898.6019193
33667,391441051.50524664
33668,0.0
33669,0.0
33670,69296931.4677763
33671,0.0
33672,0.0
33673,0.0
33674,0.0
33675,0.0
33676,0.0
33677,0.0
33678,0.0
33679,0.0
33680,147710420.35577726
33681,0.0
33682,0.0
33683,0.0
33684,0.0
33685,57852947.40717244
33686,0.0
33687,0.0
33688,0.0
33689,0.0
33690,0.0
33691,0.0
33692,6201056.52864933
33693,0.0
33694,287412559.4898968
33695,0.0
33696,0.0
33697,0.0
33698,0.0
33699,0.0
33700,0.0
33701,0.0
33702,361537114.2608409
33703,0.0
33704,0.0
33705,0.0
33706,0.0
33707,0.0
33708,0.0
33709,0.0
33710,426902260.9560454
33711,0.0
33712,0.0
33713,0.0
33714,0.0
33715,0.0
33716,0.0
33717,0.0
33718,0.0
33719,0.0
33720,0.0
33721,0.0
33722,0.0
33723,258898086.34379148
33724,0.0
33725,62021519.97700691
33726,0.0
33727,0.0
33728,0.0
33729,197587969.04325533
33730,129499830.9140203
33731,0.0
33732,0.0
33733,0.0
33734,0.0
33735,0.0
33736,202873918.45752072
33737,0.0
33738,0.0
33739,0.0
33740,0.0
33741,0.0
33742,404028834.1319456
33743,4646944.382626057
33744,0.0
33745,0.0
33746,0.0
33747,0.0
33748,71500277.09774542
33749,0.0
33750,0.0
33751,0.0
33752,0.0
33753,0.0
33754,0.0
33755,0.0
33756,0.0
33757,0.0
33758,0.0
33759,0.0
33760,0.0
33761,0.0
33762,0.0
33763,49695891.1638999
33764,0.0
33765,0.0
33766,0.0
33767,0.0
33768,0.0
33769,0.0
33770,0.0
33771,0.0
33772,0.0
33773,0.0
33774,0.0
33775,31635895.641349554
33776,0.0
33777,0.0
33778,0.0
33779,0.0
33780,0.0
33781,0.0
33782,0.0
33783,0.0
33784,0.0
33785,0.0
33786,0.0
33787,0.0
33788,0.0
33789,0.0
33790,437915347.0997454
33791,0.0
33792,115961135.68798113
33793,0.0
33794,0.0
33795,0.0
33796,0.0
33797,0.0
33798,0.0
33799,0.0
33800,0.0
33801,0.0
33802,0.0
33803,0.0
33804,0.0
33805,0.0
33806,0.0
33807,0.0
33808,0.0
33809,0.0
33810,0.0
33811,0.0
33812,0.0
33813,0.0
33814,0.0
33815,0.0
33816,176303216.2855196
33817,140416951.76866674
33818,0.0
33819,198381090.72540355
33820,4058223.17399621
33821,0.0
33822,0.0
33823,0.0
33824,0.0
33825,0.0
33826,0.0
33827,202260015.43353963
33828,342461486.73665905
33829,0.0
33830,0.0
33831,0.0
33832,0.0
33833,0.0
33834,0.0
33835,0.0
33836,0.0
33837,0.0
33838,0.0
33839,0.0
33840,0.0
33841,0.0
33842,0.0
33843,0.0
33844,0.0
33845,0.0
33846,0.0
33847,0.0
33848,150815931.42138147
33849,0.0
33850,0.0
33851,243391628.39531183
33852,0.0
33853,0.0
33854,0.0
33855,0.0
33856,0.0
33857,0.0
33858,298258446.63110495
33859,0.0
33860,0.0
33861,0.0
33862,241611274.67392468
33863,0.0
33864,149866777.9146967
33865,0.0
33866,0.0
33867,31740983.240552425
33868,0.0
33869,0.0
33870,0.0
33871,0.0
33872,0.0
33873,0.0
33874,0.0
33875,0.0
33876,0.0
33877,0.0
33878,2898693.6876666546
33879,0.0
33880,0.0
33881,0.0
33882,0.0
33883,0.0
33884,0.0
33885,0.0
33886,0.0
33887,0.0
33888,0.0
33889,0.0
33890,0.0
33891,0.0
33892,0.0
33893,0.0
33894,0.0
33895,0.0
33896,0.0
33897,0.0
33898,0.0
33899,0.0
33900,0.0
33901,0.0
33902,0.0
33903,176326416.67244053
33904,21158058.330425978
33905,18193464.847481966
33906,29212831.407220364
33907,0.0
33908,0.0
33909,0.0
33910,237389506.4983859
33911,0.0
33912,0.0
33913,0.0
33914,0.0
33915,0.0
33916,0.0
33917,0.0
33918,0.0
33919,0.0
33920,0.0
33921,0.0
33922,329749488.9412117
33923,0.0
33924,345290813.2122028
33925,0.0
33926,0.0
33927,0.0
33928,0.0
33929,0.0
33930,0.0
33931,0.0
33932,53023325.097085
33933,0.0
33934,0.0
33935,0.0
33936,0.0
33937,0.0
33938,0.0
33939,0.0
33940,0.0
33941,0.0
33942,0.0
33943,0.0
33944,0.0
33945,0.0
33946,18544839.280628204
33947,0.0
33948,0.0
33949,0.0
33950,0.0
33951,83445147.14182138
33952,0.0
33953,151778906.23126817
33954,0.0
33955,0.0
33956,0.0
33957,0.0
33958,552037772.2377439
33959,0.0
33960,0.0
33961,0.0
33962,0.0
33963,0.0
33964,0.0
33965,0.0
33966,447883429.1109166
33967,0.0
33968,0.0
33969,0.0
33970,0.0
33971,344382853.3032553
33972,0.0
33973,0.0
33974,918477663.8129952
33975,0.0
33976,0.0
33977,402736149.5356095
33978,16009354.17153263
33979,0.0
33980,0.0
33981,0.0
33982,0.0
33983,0.0
33984,117249246.82021189
33985,0.0
33986,0.0
33987,42982300.710719585
33988,420203268.21913123
33989,0.0
33990,0.0
33991,257611056.7008412
33992,0.0
33993,0.0
33994,0.0
33995,0.0
33996,0.0
33997,0.0
33998,0.0
33999,103561492.72179604
34000,255770426.92127275
34001,0.0
34002,0.0
34003,139652330.47881413
34004,0.0
34005,0.0
34006,0.0
34007,0.0
34008,0.0
34009,0.0
34010,0.0
34011,0.0
34012,0.0
34013,0.0
34014,0.0
34015,0.0
34016,0.0
34017,0.0
34018,0.0
34019,0.0
34020,60585458.14872718
34021,0.0
34022,0.0
34023,429588034.330358
34024,0.0
34025,0.0
34026,0.0
34027,0.0
34028,173634719.6382661
34029,0.0
34030,0.0
34031,0.0
34032,0.0
34033,0.0
34034,0.0
34035,0.0
34036,0.0
34037,0.0
34038,0.0
34039,0.0
34040,0.0
34041,0.0
34042,0.0
34043,340970017.1621721
34044,0.0
34045,0.0
34046,100512968.4155755
34047,0.0
34048,0.0
34049,0.0
34050,0.0
34051,0.0
34052,0.0
34053,0.0
34054,0.0
34055,155423891.52832723
34056,0.0
34057,110024367.48529053
34058,0.0
34059,0.0
34060,0.0
34061,358784335.24348044
34062,0.0
34063,0.0
34064,0.0
34065,0.0
34066,0.0
34067,31600580.410704613
34068,0.0
34069,0.0
34070,0.0
34071,0.0
34072,0.0
34073,192455649.19821
34074,0.0
34075,0.0
34076,0.0
34077,375295697.79923296
34078,0.0
34079,0.0
34080,0.0
34081,0.0
34082,0.0
34083,22411056.40285492
34084,0.0
34085,0.0
34086,0.0
34087,0.0
34088,0.0
34089,0.0
34090,0.0
34091,0.0
34092,0.0
34093,0.0
34094,172983447.9957924
34095,0.0
34096,0.0
34097,0.0
34098,0.0
34099,0.0
34100,0.0
34101,0.0
34102,0.0
34103,0.0
34104,0.0
34105,471155346.71820533
34106,0.0
34107,0.0
34108,0.0
34109,0.0
34110,0.0
34111,82578037.8197043
34112,0.0
34113,0.0
34114,0.0
34115,0.0
34116,0.0
34117,114396735.29951668
34118,0.0
34119,61649187.73068476
34120,0.0
34121,0.0
34122,0.0
34123,0.0
34124,0.0
34125,0.0
34126,0.0
34127,0.0
34128,0.0
34129,202260015.43353963
34130,0.0
34131,0.0
34132,0.0
34133,0.0
34134,0.0
34135,0.0
34136,0.0
34137,0.0
34138,0.0
34139,0.0
34140,0.0
34141,0.0
34142,0.0
34143,351190631.0137875
34144,0.0
34145,153817181.28892684
34146,0.0
34147,0.0
34148,0.0
34149,189163249.3747363
34150,0.0
34151,0.0
34152,0.0
34153,239963061.98525643
34154,0.0
34155,0.0
34156,0.0
34157,0.0
34158,0.0
34159,0.0
34160,0.0
34161,0.0
34162,0.0
34163,46259309.966451645
34164,0.0
34165,0.0
34166,0.0
34167,0.0
34168,0.0
34169,0.0
34170,0.0
34171,0.0
34172,0.0
34173,0.0
34174,209123403.4018283
34175,150273412.7105162
34176,192189970.4340701
34177,0.0
34178,0.0
34179,0.0
34180,0.0
34181,0.0
34182,0.0
34183,0.0
34184,0.0
34185,0.0
34186,0.0
34187,315831139.97442746
34188,0.0
34189,0.0
34190,424497424.4862695
34191,0.0
34192,0.0
34193,38503788.26461172
34194,0.0
34195,0.0
34196,0.0
34197,206232347.41903114
34198,443532144.08110666
34199,176252160.5192113
34200,0.0
34201,132385312.59536219
34202,0.0
34203,0.0
34204,0.0
34205,0.0
34206,0.0
34207,552510305.7598627
34208,0.0
34209,0.0
34210,0.0
34211,0.0
34212,102863745.14846492
34213,0.0
34214,0.0
34215,0.0
34216,0.0
34217,0.0
34218,0.0
34219,0.0
34220,82578037.8197043
34221,0.0
34222,0.0
34223,0.0
34224,0.0
34225,0.0
34226,0.0
34227,60034947.002584934
34228,0.0
34229,124641280.21644616
34230,312959685.0542879
34231,0.0
34232,0.0
34233,0.0
34234,323145260.36624575
34235,0.0
34236,0.0
34237,0.0
34238,0.0
34239,0.0
34240,23055664.870052814
34241,0.0
34242,189868444.3385465
34243,124211022.1253748
34244,450747884.4132736
34245,0.0
34246,0.0
34247,0.0
34248,28113653.75339794
34249,0.0
34250,130496912.54024124
34251,0.0
34252,0.0
34253,0.0
34254,0.0
34255,110351502.06892896
34256,0.0
34257,0.0
34258,7179044.787556648
34259,0.0
34260,0.0
34261,0.0
34262,0.0
34263,0.0
34264,358127530.94061136
34265,0.0
34266,0.0
34267,0.0
34268,0.0
34269,0.0
34270,0.0
34271,107218663.85053349
34272,0.0
34273,251843394.2819078
34274,0.0
34275,0.0
34276,0.0
34277,0.0
34278,0.0
34279,0.0
34280,0.0
34281,523540502.9861419
34282,0.0
34283,0.0
34284,0.0
34285,261431812.40562582
34286,241942120.5061679
34287,0.0
34288,35085085.80133581
34289,0.0
34290,146714686.42541552
34291,0.0
34292,0.0
34293,0.0
34294,0.0
34295,0.0
34296,1475933.585328579
34297,189239435.84170175
34298,0.0
34299,0.0
34300,0.0
34301,0.0
34302,0.0
34303,0.0
34304,0.0
34305,0.0
34306,0.0
34307,0.0
34308,0.0
34309,298904101.23246217
34310,0.0
34311,0.0
34312,534441220.31127155
34313,0.0
34314,0.0
34315,0.0
34316,296928.78269553185
34317,0.0
34318,132945391.25235653
34319,0.0
34320,0.0
34321,798755040.9051682
34322,439430578.51109815
34323,0.0
34324,0.0
34325,0.0
34326,0.0
34327,0.0
34328,0.0
34329,0.0
34330,0.0
34331,0.0
34332,0.0
34333,0.0
34334,209496699.8797865
34335,0.0
34336,0.0
34337,0.0
34338,0.0
34339,0.0
34340,0.0
34341,0.0
34342,0.0
34343,236798656.9269414
34344,0.0
34345,0.0
34346,0.0
34347,0.0
34348,71179266.36539221
34349,0.0
34350,0.0
34351,0.0
34352,0.0
34353,0.0
34354,0.0
34355,0.0
34356,0.0
34357,0.0
34358,0.0
34359,0.0
34360,0.0
34361,0.0
34362,0.0
34363,0.0
34364,0.0
34365,0.0
34366,9369637.683676004
34367,0.0
34368,0.0
34369,161698750.73962164
34370,0.0
34371,0.0
34372,0.0
34373,176955827.69498515
34374,0.0
34375,35016210.32303381
34376,0.0
34377,0.0
34378,0.0
34379,0.0
34380,0.0
34381,0.0
34382,0.0
34383,0.0
34384,0.0
34385,340970017.1621721
34386,104891381.38039136
34387,0.0
34388,0.0
34389,124980629.93034291
34390,0.0
34391,0.0
34392,74595506.30724859
34393,0.0
34394,0.0
34395,0.0
34396,0.0
34397,0.0
34398,0.0
34399,0.0
34400,0.0
34401,0.0
34402,150270372.58874202
34403,0.0
34404,0.0
34405,0.0
34406,0.0
34407,0.0
34408,0.0
34409,0.0
34410,0.0
34411,0.0
34412,0.0
34413,0.0
34414,0.0
34415,0.0
34416,0.0
34417,0.0
34418,0.0
34419,202385197.23286796
34420,0.0
34421,0.0
34422,0.0
34423,176406220.87839007
34424,0.0
34425,407534999.1246512
34426,0.0
34427,0.0
34428,0.0
34429,0.0
34430,0.0
34431,135158483.865108
34432,0.0
34433,0.0
34434,35288102.279601574
34435,452729442.37739766
34436,1382238.324154377
34437,149141682.12029862
34438,0.0
34439,0.0
34440,0.0
34441,0.0
34442,470320311.0769764
34443,0.0
34444,0.0
34445,0.0
34446,88833335.67249751
34447,0.0
34448,0.0
34449,0.0
34450,198447386.27568698
34451,86026973.044487
34452,0.0
34453,0.0
34454,0.0
34455,0.0
34456,134877438.24726176
34457,0.0
34458,0.0
34459,0.0
34460,0.0
34461,40334437.7468524
34462,0.0
34463,267016499.1158774
34464,0.0
34465,0.0
34466,0.0
34467,0.0
34468,0.0
34469,0.0
34470,218012820.6167097
34471,0.0
34472,410088003.3201566
34473,0.0
34474,0.0
34475,0.0
34476,0.0
34477,0.0
34478,0.0
34479,0.0
34480,0.0
34481,0.0
34482,0.0
34483,58322024.59425807
34484,0.0
34485,0.0
34486,0.0
34487,0.0
34488,0.0
34489,0.0
34490,0.0
34491,0.0
34492,340970017.1621721
34493,0.0
34494,0.0
34495,230016930.90081358
34496,0.0
34497,63634094.808936596
34498,0.0
34499,0.0
34500,0.0
34501,0.0
34502,139412773.4572525
34503,0.0
34504,0.0
34505,95109193.59631157
34506,0.0
34507,0.0
34508,0.0
34509,0.0
34510,0.0
34511,0.0
34512,0.0
34513,0.0
34514,155216001.22528768
34515,0.0
34516,0.0
34517,0.0
34518,178369661.92812157
34519,0.0
34520,0.0
34521,0.0
34522,0.0
34523,95109193.59631157
34524,0.0
34525,0.0
34526,0.0
34527,0.0
34528,0.0
34529,0.0
34530,0.0
34531,378125024.2747767
34532,0.0
34533,0.0
34534,0.0
34535,0.0
34536,263258396.833843
34537,0.0
34538,0.0
34539,181453221.94885874
34540,37871841.132761955
34541,0.0
34542,0.0
34543,37330266.52802467
34544,217518427.4264207
34545,0.0
34546,0.0
34547,0.0
34548,0.0
34549,0.0
34550,0.0
34551,0.0
34552,0.0
34553,0.0
34554,346778575.0336678
34555,0.0
34556,0.0
34557,0.0
34558,0.0
34559,0.0
34560,0.0
34561,0.0
34562,0.0
34563,0.0
34564,0.0
34565,142670593.51449633
34566,0.0
34567,0.0
34568,0.0
34569,0.0
34570,0.0
34571,0.0
34572,0.0
34573,0.0
34574,0.0
34575,0.0
34576,0.0
34577,0.0
34578,0.0
34579,0.0
34580,345779872.17059684
34581,0.0
34582,0.0
34583,0.0
34584,38216435.587301016
34585,0.0
34586,0.0
34587,0.0
34588,81657580.91301608
34589,345779872.17059684
34590,0.0
34591,0.0
34592,446126481.27081394
34593,0.0
34594,0.0
34595,0.0
34596,0.0
34597,0.0
34598,0.0
34599,130680305.40811348
34600,0.0
34601,11330910.67591381
34602,31289738.729747534
34603,0.0
34604,0.0
34605,0.0
34606,208212770.13979745
34607,35093168.67763257
34608,0.0
34609,0.0
34610,433709443.76669395
34611,223041657.1782806
34612,0.0
34613,0.0
34614,205728211.63117576
34615,503211024.91171145
34616,0.0
34617,0.0
34618,0.0
34619,0.0
34620,0.0
34621,0.0
34622,349912965.05984807
34623,0.0
34624,0.0
34625,0.0
34626,0.0
34627,0.0
34628,0.0
34629,0.0
34630,0.0
34631,221946301.1571374
34632,0.0
34633,0.0
34634,184376956.6404724
34635,0.0
34636,0.0
34637,77679743.44062948
34638,0.0
34639,28041639.64662409
34640,0.0
34641,384216417.42944527
34642,14236320.131712437
34643,0.0
34644,102185011.57551193
34645,0.0
34646,0.0
34647,100323220.33588195
34648,0.0
34649,0.0
34650,0.0
34651,0.0
34652,0.0
34653,13745725.47922206
34654,0.0
34655,375295697.79923296
34656,0.0
34657,0.0
34658,0.0
34659,0.0
34660,0.0
34661,0.0
34662,0.0
34663,0.0
34664,0.0
34665,0.0
34666,0.0
34667,0.0
34668,88029451.80806804
34669,144926283.21630907
34670,0.0
34671,0.0
34672,0.0
34673,155291308.95924377
34674,0.0
34675,0.0
34676,0.0
34677,33722453.77578807
34678,0.0
34679,0.0
34680,0.0
34681,0.0
34682,275763264.57483435
34683,0.0
34684,0.0
34685,0.0
34686,0.0
34687,0.0
34688,0.0
34689,0.0
34690,0.0
34691,0.0
34692,0.0
34693,60749213.28387928
34694,0.0
34695,10644285.89253807
34696,0.0
34697,343491051.688885
34698,0.0
34699,0.0
34700,0.0
34701,0.0
34702,0.0
34703,0.0
34704,0.0
34705,64088567.105798244
34706,0.0
34707,0.0
34708,248807546.00706124
34709,0.0
34710,0.0
34711,0.0
34712,0.0
34713,0.0
34714,0.0
34715,162181549.89253855
34716,0.0
34717,0.0
34718,0.0
34719,107613550.51839471
34720,0.0
34721,0.0
34722,94130490.92848969
34723,0.0
34724,0.0
34725,0.0
34726,279616410.8436897
34727,0.0
34728,0.0
34729,159327257.43225646
34730,0.0
34731,0.0
34732,0.0
34733,0.0
34734,0.0
34735,288531949.74268246
34736,158688387.7101643
34737,0.0
34738,0.0
34739,0.0
34740,0.0
34741,0.0
34742,0.0
34743,0.0
34744,0.0
34745,0.0
34746,0.0
34747,0.0
34748,0.0
34749,0.0
34750,135891371.09739184
34751,348266318.9893508
34752,0.0
34753,0.0
34754,0.0
34755,0.0
34756,0.0
34757,342769156.3502917
34758,0.0
34759,0.0
34760,0.0
34761,0.0
34762,0.0
34763,0.0
34764,0.0
34765,0.0
34766,0.0
34767,0.0
34768,385258211.2943866
34769,0.0
34770,0.0
34771,0.0
34772,0.0
34773,11537304.17546177
34774,0.0
34775,0.0
34776,0.0
34777,85749120.37643766
34778,0.0
34779,79471430.53644323
34780,0.0
34781,0.0
34782,0.0
34783,0.0
34784,0.0
34785,0.0
34786,15650608.914405346
34787,0.0
34788,0.0
34789,0.0
34790,196610598.06926656
34791,0.0
34792,0.0
34793,0.0
34794,0.0
34795,0.0
34796,0.0
34797,0.0
34798,0.0
34799,366033748.5283048
34800,0.0
34801,0.0
34802,0.0
34803,0.0
34804,0.0
34805,112853298.80635357
34806,0.0
34807,0.0
34808,286781089.3714657
34809,0.0
34810,0.0
34811,0.0
34812,0.0
34813,146836889.20595837
34814,0.0
34815,0.0
34816,0.0
34817,0.0
34818,0.0
34819,0.0
34820,0.0
34821,0.0
34822,72089378.09489822
34823,0.0
34824,0.0
34825,0.0
34826,0.0
34827,0.0
34828,0.0
34829,0.0
34830,0.0
34831,147344756.12236118
34832,0.0
34833,0.0
34834,248794878.18063807
34835,0.0
34836,0.0
34837,0.0
34838,0.0
34839,0.0
34840,0.0
34841,0.0
34842,0.0
34843,117913398.77149153
34844,0.0
34845,0.0
34846,0.0
34847,0.0
34848,157839589.76750112
34849,223652451.98493028
34850,0.0
34851,0.0
34852,0.0
34853,0.0
34854,0.0
34855,0.0
34856,0.0
34857,0.0
34858,0.0
34859,0.0
34860,0.0
34861,158670878.55218244
34862,0.0
34863,0.0
34864,0.0
34865,0.0
34866,0.0
34867,0.0
34868,0.0
34869,0.0
34870,0.0
34871,53457378.6273756
34872,0.0
34873,0.0
34874,0.0
34875,0.0
34876,0.0
34877,0.0
34878,0.0
34879,158130691.2441101
34880,0.0
34881,0.0
34882,206322320.05143595
34883,0.0
34884,0.0
34885,0.0
34886,0.0
34887,0.0
34888,0.0
34889,0.0
34890,0.0
34891,0.0
34892,28744522.430851936
34893,3183474.521893263
34894,0.0
34895,0.0
34896,0.0
34897,0.0
34898,157083868.81141424
34899,277641630.83324504
34900,98691461.75970769
34901,59307966.57280254
34902,0.0
34903,0.0
34904,163576024.9631157
34905,0.0
34906,0.0
34907,0.0
34908,0.0
34909,0.0
34910,0.0
34911,282094667.1695831
34912,0.0
34913,0.0
34914,0.0
34915,149620685.28717852
34916,0.0
34917,0.0
34918,0.0
34919,151231457.590302
34920,288919809.75979924
34921,244992392.09972525
34922,0.0
34923,0.0
34924,0.0
34925,0.0
34926,0.0
34927,0.0
34928,0.0
34929,0.0
34930,101578915.63565803
34931,0.0
34932,0.0
34933,129022316.49071693
34934,0.0
34935,0.0
34936,0.0
34937,0.0
34938,0.0
34939,0.0
34940,0.0
34941,0.0
34942,0.0
34943,188803940.5651765
34944,180317409.7910576
34945,0.0
34946,0.0
34947,0.0
34948,0.0
34949,98439725.85697484
34950,282094667.1695831
34951,0.0
34952,0.0
34953,0.0
34954,0.0
34955,0.0
34956,0.0
34957,0.0
34958,0.0
34959,0.0
34960,0.0
34961,0.0
34962,0.0
34963,127268984.66389394
34964,0.0
34965,0.0
34966,0.0
34967,0.0
34968,0.0
34969,0.0
34970,0.0
34971,0.0
34972,0.0
34973,0.0
34974,0.0
34975,0.0
34976,0.0
34977,0.0
34978,0.0
34979,0.0
34980,0.0
34981,0.0
34982,502578459.0654608
34983,0.0
34984,0.0
34985,24459214.8317945
34986,80443906.6186657
34987,0.0
34988,0.0
34989,0.0
34990,0.0
34991,0.0
34992,0.0
34993,0.0
34994,0.0
34995,0.0
34996,0.0
34997,0.0
34998,0.0
34999,0.0
35000,0.0
35001,0.0
35002,280216304.27469397
35003,112853298.80635357
35004,0.0
35005,0.0
35006,0.0
35007,0.0
35008,34078482.151753664
35009,0.0
35010,0.0
35011,168025165.07945895
35012,0.0
35013,0.0
35014,0.0
35015,0.0
35016,0.0
35017,0.0
35018,0.0
35019,0.0
35020,0.0
35021,0.0
35022,0.0
35023,93783326.12330866
35024,0.0
35025,0.0
35026,0.0
35027,0.0
35028,129354063.08821297
35029,0.0
35030,0.0
35031,0.0
35032,115373352.1282053
35033,128435696.66540003
35034,0.0
35035,0.0
35036,0.0
35037,0.0
35038,0.0
35039,0.0
35040,147600339.93648958
35041,0.0
35042,0.0
35043,0.0
35044,202260015.43353963
35045,233867922.0532384
35046,0.0
35047,43555694.83546376
35048,0.0
35049,0.0
35050,156820371.42495608
35051,35232956.40388918
35052,195458405.4245634
35053,0.0
35054,191015713.95834756
35055,0.0
35056,0.0
35057,0.0
35058,0.0
35059,0.0
35060,0.0
35061,0.0
35062,132069895.138067
35063,0.0
35064,0.0
35065,0.0
35066,541286331.6306771
35067,0.0
35068,0.0
35069,0.0
35070,0.0
35071,0.0
35072,773291102.6252733
35073,0.0
35074,0.0
35075,0.0
35076,0.0
35077,0.0
35078,0.0
35079,0.0
35080,0.0
35081,0.0
35082,0.0
35083,270721153.6740482
35084,0.0
35085,175191749.21502304
35086,0.0
35087,0.0
35088,0.0
35089,0.0
35090,0.0
35091,0.0
35092,0.0
35093,0.0
35094,0.0
35095,293980603.71701074
35096,0.0
35097,147560550.9331081
35098,0.0
35099,0.0
35100,0.0
35101,0.0
35102,0.0
35103,0.0
35104,0.0
35105,0.0
35106,0.0
35107,0.0
35108,0.0
35109,96959817.40403342
35110,0.0
35111,0.0
35112,0.0
35113,13569624.301185608
35114,0.0
35115,0.0
35116,197987053.36148024
35117,0.0
35118,0.0
35119,0.0
35120,17573844.192713976
35121,0.0
35122,0.0
35123,0.0
35124,0.0
35125,0.0
35126,0.0
35127,0.0
35128,277712476.2860284
35129,0.0
35130,0.0
35131,0.0
35132,0.0
35133,0.0
35134,0.0
35135,0.0
35136,0.0
35137,0.0
35138,0.0
35139,0.0
35140,143083794.7486825
35141,248348587.53638697
35142,0.0
35143,0.0
35144,0.0
35145,0.0
35146,47748699.835145
35147,0.0
35148,0.0
35149,0.0
35150,0.0
35151,0.0
35152,0.0
35153,422311750.47043896
35154,0.0
35155,0.0
35156,0.0
35157,10244908.968221664
35158,0.0
35159,0.0
35160,0.0
35161,0.0
35162,157223724.10129046
35163,468833555.01129377
35164,0.0
35165,0.0
35166,0.0
35167,0.0
35168,0.0
35169,0.0
35170,0.0
35171,0.0
35172,89360906.90043306
35173,0.0
35174,0.0
35175,370934059.4247303
35176,0.0
35177,0.0
35178,0.0
35179,0.0
35180,0.0
35181,307093196.18414783
35182,0.0
35183,0.0
35184,0.0
35185,225791070.30626035
35186,0.0
35187,94649983.02544975
35188,0.0
35189,0.0
35190,0.0
35191,0.0
35192,0.0
35193,0.0
35194,0.0
35195,0.0
35196,0.0
35197,0.0
35198,0.0
35199,45492330.477972984
35200,0.0
35201,0.0
35202,0.0
35203,0.0
35204,0.0
35205,0.0
35206,0.0
35207,0.0
35208,0.0
35209,0.0
35210,0.0
35211,0.0
35212,0.0
35213,0.0
35214,0.0
35215,0.0
35216,0.0
35217,217137784.4610057
35218,0.0
35219,0.0
35220,0.0
35221,0.0
35222,0.0
35223,0.0
35224,0.0
35225,0.0
35226,0.0
35227,0.0
35228,0.0
35229,358353005.8033581
35230,0.0
35231,0.0
35232,0.0
35233,0.0
35234,0.0
35235,308973268.68724966
35236,320833342.3452544
35237,324065141.50734854
35238,137269473.23058653
35239,0.0
35240,0.0
35241,5290071.929540396
35242,0.0
35243,0.0
35244,0.0
35245,111238210.90392137
35246,0.0
35247,222903502.8526194
35248,0.0
35249,0.0
35250,0.0
35251,0.0
35252,365096098.5410099
35253,0.0
35254,368975527.5936551
35255,64815574.21782255
35256,287422941.6370039
35257,0.0
35258,0.0
35259,0.0
35260,0.0
35261,0.0
35262,0.0
35263,0.0
35264,0.0
35265,0.0
35266,0.0
35267,321545542.27279425
35268,155929025.53982973
35269,128683134.94342136
35270,0.0
35271,279177903.752059
35272,0.0
35273,0.0
35274,0.0
35275,0.0
35276,0.0
35277,0.0
35278,0.0
35279,0.0
35280,265684573.61142898
35281,225791070.30626035
35282,0.0
35283,0.0
35284,0.0
35285,0.0
35286,122291262.85319877
35287,0.0
35288,0.0
35289,0.0
35290,0.0
35291,0.0
35292,0.0
35293,0.0
35294,0.0
35295,0.0
35296,0.0
35297,0.0
35298,0.0
35299,0.0
35300,0.0
35301,0.0
35302,174703145.64686298
35303,0.0
35304,0.0
35305,0.0
35306,357695566.43690825
35307,24212308.687353134
35308,0.0
35309,0.0
35310,0.0
35311,538457005.1551332
35312,0.0
35313,0.0
35314,0.0
35315,0.0
35316,0.0
35317,341287628.5131626
35318,0.0
35319,0.0
35320,0.0
35321,0.0
35322,333719072.45976186
35323,0.0
35324,0.0
35325,0.0
35326,0.0
35327,0.0
35328,0.0
35329,0.0
35330,0.0
35331,0.0
35332,0.0
35333,0.0
35334,0.0
35335,0.0
35336,0.0
35337,3327643.8803219795
35338,315504391.7517526
35339,0.0
35340,0.0
35341,0.0
35342,0.0
35343,0.0
35344,0.0
35345,474007857.36239684
35346,0.0
35347,0.0
35348,0.0
35349,0.0
35350,268574455.2182512
35351,0.0
35352,0.0
35353,0.0
35354,0.0
35355,0.0
35356,0.0
35357,0.0
35358,0.0
35359,0.0
35360,341801520.554512
35361,215111419.77080894
35362,0.0
35363,119550244.92193794
35364,0.0
35365,0.0
35366,0.0
35367,0.0
35368,0.0
35369,0.0
35370,0.0
35371,0.0
35372,0.0
35373,0.0
35374,0.0
35375,0.0
35376,0.0
35377,0.0
35378,0.0
35379,0.0
35380,0.0
35381,0.0
35382,0.0
35383,0.0
35384,0.0
35385,53438203.70465207
35386,0.0
35387,0.0
35388,0.0
35389,0.0
35390,0.0
35391,0.0
35392,0.0
35393,0.0
35394,0.0
35395,0.0
35396,0.0
35397,47748699.835145
35398,0.0
35399,0.0
35400,0.0
35401,0.0
35402,0.0
35403,0.0
35404,0.0
35405,0.0
35406,0.0
35407,0.0
35408,0.0
35409,0.0
35410,0.0
35411,0.0
35412,0.0
35413,0.0
35414,0.0
35415,454683582.1777586
35416,0.0
35417,0.0
35418,185893816.73911786
35419,0.0
35420,72472520.04767561
35421,0.0
35422,0.0
35423,0.0
35424,0.0
35425,0.0
35426,0.0
35427,0.0
35428,86268773.10933805
35429,480739353.46641254
35430,0.0
35431,0.0
35432,0.0
35433,0.0
35434,0.0
35435,0.0
35436,0.0
35437,0.0
35438,0.0
35439,0.0
35440,375353598.305454
35441,0.0
35442,0.0
35443,0.0
35444,0.0
35445,0.0
35446,0.0
35447,0.0
35448,0.0
35449,247027848.1640873
35450,76564239.83038187
35451,0.0
35452,0.0
35453,0.0
35454,178642100.94687986
35455,0.0
35456,0.0
35457,0.0
35458,227929201.46189356
35459,262357758.2536049
35460,0.0
35461,0.0
35462,0.0
35463,0.0
35464,0.0
35465,0.0
35466,0.0
35467,0.0
35468,0.0
35469,0.0
35470,77403262.12983346
35471,0.0
35472,0.0
35473,24811884.34294343
35474,0.0
35475,0.0
35476,0.0
35477,0.0
35478,0.0
35479,0.0
35480,0.0
35481,0.0
35482,0.0
35483,116309425.80403423
35484,0.0
35485,44723886.48105168
35486,0.0
35487,0.0
35488,0.0
35489,0.0
35490,0.0
35491,0.0
35492,0.0
35493,0.0
35494,0.0
35495,0.0
35496,0.0
35497,0.0
35498,0.0
35499,0.0
35500,0.0
35501,0.0
35502,84046753.56559181
35503,37441024.062259674
35504,690984070.3510215
35505,0.0
35506,0.0
35507,0.0
35508,0.0
35509,0.0
35510,0.0
35511,0.0
35512,0.0
35513,0.0
35514,239353680.01506114
35515,0.0
35516,0.0
35517,0.0
35518,0.0
35519,0.0
35520,0.0
35521,0.0
35522,0.0
35523,0.0
35524,0.0
35525,0.0
35526,0.0
35527,0.0
35528,0.0
35529,0.0
35530,0.0
35531,0.0
35532,0.0
35533,0.0
35534,0.0
35535,0.0
35536,0.0
35537,379448857.2295685
35538,0.0
35539,0.0
35540,0.0
35541,0.0
35542,0.0
35543,0.0
35544,0.0
35545,0.0
35546,0.0
35547,238288161.32477498
35548,0.0
35549,0.0
35550,0.0
35551,0.0
35552,0.0
35553,0.0
35554,0.0
35555,0.0
35556,0.0
35557,0.0
35558,181655951.90404797
35559,0.0
35560,0.0
35561,0.0
35562,0.0
35563,0.0
35564,234735250.89922833
35565,0.0
35566,0.0
35567,0.0
35568,0.0
35569,0.0
35570,67123929.46523666
35571,0.0
35572,0.0
35573,0.0
35574,0.0
35575,0.0
35576,50597839.32748175
35577,291345959.58880997
35578,0.0
35579,334443187.59576035
35580,39476191.93069792
35581,0.0
35582,111246469.69537902
35583,0.0
35584,0.0
35585,88575489.11962247
35586,0.0
35587,0.0
35588,0.0
35589,10436992.12242961
35590,0.0
35591,0.0
35592,0.0
35593,57809294.81431484
35594,469133373.83517873
35595,0.0
35596,0.0
35597,0.0
35598,0.0
35599,0.0
35600,0.0
35601,0.0
35602,110443463.33015943
35603,0.0
35604,0.0
35605,0.0
35606,0.0
35607,0.0
35608,0.0
35609,0.0
35610,0.0
35611,278076565.3321967
35612,0.0
35613,0.0
35614,0.0
35615,0.0
35616,0.0
35617,0.0
35618,205471412.52676535
35619,0.0
35620,107262780.96185207
35621,0.0
35622,0.0
35623,0.0
35624,193385315.98453593
35625,0.0
35626,0.0
35627,0.0
35628,0.0
35629,0.0
35630,0.0
35631,23880302.18053007
35632,0.0
35633,0.0
35634,0.0
35635,0.0
35636,0.0
35637,0.0
35638,0.0
35639,18146116.99126339
35640,0.0
35641,0.0
35642,0.0
35643,0.0
35644,0.0
35645,536476476.62225246
35646,0.0
35647,0.0
35648,0.0
35649,0.0
35650,0.0
35651,105161382.1896038
35652,0.0
35653,198547121.55784035
35654,0.0
35655,0.0
35656,609170029.0821933
35657,0.0
35658,0.0
35659,0.0
35660,6103955.974561453
35661,0.0
35662,205728211.63117576
35663,225791070.30626035
35664,0.0
35665,0.0
35666,0.0
35667,0.0
35668,0.0
35669,0.0
35670,20900188.35117817
35671,0.0
35672,0.0
35673,103358421.81729555
35674,0.0
35675,0.0
35676,86995256.14685988
35677,0.0
35678,0.0
35679,0.0
35680,0.0
35681,0.0
35682,0.0
35683,0.0
35684,0.0
35685,0.0
35686,0.0
35687,0.0
35688,292305601.78281784
35689,0.0
35690,70360521.06080341
35691,0.0
35692,0.0
35693,0.0
35694,0.0
35695,0.0
35696,356608119.1143782
35697,0.0
35698,67390747.19810629
35699,0.0
35700,0.0
35701,0.0
35702,81324527.69125295
35703,323401633.9271934
35704,0.0
35705,0.0
35706,0.0
35707,0.0
35708,0.0
35709,0.0
35710,0.0
35711,0.0
35712,0.0
35713,0.0
35714,0.0
35715,0.0
35716,0.0
35717,0.0
35718,0.0
35719,0.0
35720,536476476.62225246
35721,0.0
35722,0.0
35723,0.0
35724,0.0
35725,0.0
35726,0.0
35727,0.0
35728,0.0
35729,205728211.63117576
35730,0.0
35731,0.0
35732,0.0
35733,149510070.79746366
35734,463877511.40272856
35735,0.0
35736,168773991.79365683
35737,0.0
35738,0.0
35739,218903176.06169677
35740,0.0
35741,0.0
35742,0.0
35743,0.0
35744,0.0
35745,265468418.60627222
35746,0.0
35747,0.0
35748,0.0
35749,0.0
35750,42022829.75558472
35751,0.0
35752,119367438.32279348
35753,0.0
35754,0.0
35755,0.0
35756,0.0
35757,0.0
35758,0.0
35759,0.0
35760,0.0
35761,0.0
35762,0.0
35763,0.0
35764,0.0
35765,0.0
35766,0.0
35767,0.0
35768,0.0
35769,273513534.1145654
35770,0.0
35771,0.0
35772,0.0
35773,0.0
35774,0.0
35775,0.0
35776,0.0
35777,0.0
35778,0.0
35779,0.0
35780,0.0
35781,0.0
35782,0.0
35783,0.0
35784,0.0
35785,0.0
35786,0.0
35787,0.0
35788,0.0
35789,0.0
35790,219085602.03736496
35791,0.0
35792,41580681.760840416
35793,0.0
35794,0.0
35795,238615381.13787222
35796,0.0
35797,0.0
35798,0.0
35799,0.0
35800,0.0
35801,0.0
35802,0.0
35803,0.0
35804,0.0
35805,0.0
35806,0.0
35807,118557007.90397406
35808,0.0
35809,0.0
35810,0.0
35811,0.0
35812,0.0
35813,0.0
35814,0.0
35815,0.0
35816,0.0
35817,62441908.65784311
35818,212566433.83833528
35819,0.0
35820,0.0
35821,309390517.9170027
35822,0.0
35823,0.0
35824,0.0
35825,0.0
35826,0.0
35827,0.0
35828,0.0
35829,0.0
35830,0.0
35831,0.0
35832,0.0
35833,0.0
35834,0.0
35835,0.0
35836,16617089.738378525
35837,0.0
35838,0.0
35839,0.0
35840,242020541.17668438
35841,0.0
35842,0.0
35843,0.0
35844,0.0
35845,0.0
35846,0.0
35847,0.0
35848,0.0
35849,0.0
35850,307353493.17436194
35851,0.0
35852,0.0
35853,0.0
35854,0.0
35855,118398240.43170881
35856,0.0
35857,1020244709.6514606
35858,15650608.914405346
35859,0.0
35860,0.0
35861,0.0
35862,0.0
35863,0.0
35864,0.0
35865,0.0
35866,0.0
35867,0.0
35868,0.0
35869,0.0
35870,0.0
35871,0.0
35872,0.0
35873,0.0
35874,0.0
35875,0.0
35876,0.0
35877,0.0
35878,0.0
35879,230627012.36649132
35880,0.0
35881,0.0
35882,0.0
35883,0.0
35884,0.0
35885,0.0
35886,0.0
35887,54418654.267588615
35888,0.0
35889,0.0
35890,0.0
35891,53741345.40300441
35892,0.0
35893,0.0
35894,0.0
35895,316343726.1770296
35896,0.0
35897,0.0
35898,263419736.67541695
35899,0.0
35900,0.0
35901,0.0
35902,0.0
35903,0.0
35904,477304310.74243486
35905,0.0
35906,0.0
35907,0.0
35908,0.0
35909,0.0
35910,0.0
35911,0.0
35912,0.0
35913,0.0
35914,0.0
35915,0.0
35916,0.0
35917,0.0
35918,0.0
35919,0.0
35920,0.0
35921,0.0
35922,150778962.26897407
35923,0.0
35924,0.0
35925,0.0
35926,0.0
35927,0.0
35928,0.0
35929,0.0
35930,351063227.4651015
35931,0.0
35932,0.0
35933,0.0
35934,0.0
35935,0.0
35936,0.0
35937,0.0
35938,203830662.0811777
35939,488983805.8600905
35940,0.0
35941,0.0
35942,0.0
35943,0.0
35944,0.0
35945,0.0
35946,0.0
35947,0.0
35948,529969025.7285017
35949,0.0
35950,0.0
35951,0.0
35952,0.0
35953,0.0
35954,0.0
35955,0.0
35956,226686148.73990512
35957,0.0
35958,0.0
35959,0.0
35960,0.0
35961,0.0
35962,0.0
35963,0.0
35964,0.0
35965,35190618.043643
35966,0.0
35967,0.0
35968,0.0
35969,0.0
35970,0.0
35971,0.0
35972,51557750.446632385
35973,0.0
35974,0.0
35975,0.0
35976,0.0
35977,0.0
35978,0.0
35979,0.0
35980,0.0
35981,0.0
35982,0.0
35983,0.0
35984,0.0
35985,0.0
35986,370013946.9240761
35987,541286331.6306771
35988,0.0
35989,0.0
35990,0.0
35991,0.0
35992,0.0
35993,17483775.525976658
35994,0.0
35995,0.0
35996,0.0
35997,0.0
35998,0.0
35999,0.0
36000,0.0
36001,0.0
36002,0.0
36003,0.0
36004,0.0
36005,4552679.356079578
36006,0.0
36007,0.0
36008,0.0
36009,0.0
36010,0.0
36011,0.0
36012,0.0
36013,464614836.6261139
36014,71105407.83506465
36015,0.0
36016,364708845.81717443
36017,0.0
36018,0.0
36019,0.0
36020,0.0
36021,0.0
36022,0.0
36023,0.0
36024,0.0
36025,0.0
36026,0.0
36027,14037575.477389336
36028,0.0
36029,0.0
36030,0.0
36031,0.0
36032,0.0
36033,0.0
36034,0.0
36035,0.0
36036,0.0
36037,0.0
36038,0.0
36039,0.0
36040,0.0
36041,0.0
36042,0.0
36043,0.0
36044,0.0
36045,0.0
36046,0.0
36047,0.0
36048,124500302.69312072
36049,17705145.00141096
36050,0.0
36051,0.0
36052,34669968.13379669
36053,0.0
36054,0.0
36055,0.0
36056,0.0
36057,0.0
36058,0.0
36059,229094886.88935137
36060,0.0
36061,0.0
36062,0.0
36063,0.0
36064,0.0
36065,0.0
36066,161029911.54321337
36067,0.0
36068,301801594.7734835
36069,0.0
36070,0.0
36071,0.0
36072,0.0
36073,0.0
36074,75397557.00722313
36075,0.0
36076,0.0
36077,0.0
36078,866658876.3182207
36079,0.0
36080,0.0
36081,0.0
36082,190157337.84788156
36083,0.0
36084,0.0
36085,126349854.26493025
36086,0.0
36087,0.0
36088,0.0
36089,0.0
36090,0.0
36091,0.0
36092,0.0
36093,0.0
36094,436601252.0355543
36095,0.0
36096,0.0
36097,212259734.78592515
36098,0.0
36099,0.0
36100,0.0
36101,0.0
36102,0.0
36103,0.0
36104,0.0
36105,0.0
36106,0.0
36107,0.0
36108,0.0
36109,0.0
36110,4794199.209623814
36111,9761066.00463581
36112,0.0
36113,0.0
36114,0.0
36115,0.0
36116,0.0
36117,477304310.74243486
36118,0.0
36119,224976819.8928039
36120,0.0
36121,0.0
36122,0.0
36123,0.0
36124,0.0
36125,0.0
36126,0.0
36127,0.0
36128,0.0
36129,0.0
36130,0.0
36131,0.0
36132,0.0
36133,0.0
36134,0.0
36135,0.0
36136,0.0
36137,0.0
36138,0.0
36139,265260089.3580513
36140,0.0
36141,0.0
36142,0.0
36143,0.0
36144,371526743.0980458
36145,0.0
36146,0.0
36147,0.0
36148,189239435.84170175
36149,0.0
36150,0.0
36151,0.0
36152,0.0
36153,0.0
36154,0.0
36155,0.0
36156,0.0
36157,0.0
36158,0.0
36159,0.0
36160,0.0
36161,0.0
36162,379448857.2295685
36163,60570241.027872086
36164,0.0
36165,0.0
36166,0.0
36167,0.0
36168,0.0
36169,0.0
36170,0.0
36171,0.0
36172,0.0
36173,0.0
36174,0.0
36175,0.0
36176,0.0
36177,0.0
36178,0.0
36179,0.0
36180,0.0
36181,415105214.9643352
36182,0.0
36183,0.0
36184,0.0
36185,0.0
36186,0.0
36187,0.0
36188,0.0
36189,0.0
36190,0.0
36191,0.0
36192,0.0
36193,0.0
36194,0.0
36195,0.0
36196,0.0
36197,0.0
36198,0.0
36199,0.0
36200,0.0
36201,0.0
36202,0.0
36203,0.0
36204,0.0
36205,0.0
36206,0.0
36207,0.0
36208,0.0
36209,0.0
36210,0.0
36211,0.0
36212,0.0
36213,0.0
36214,0.0
36215,0.0
36216,0.0
36217,0.0
36218,0.0
36219,347887633.95934105
36220,0.0
36221,21078975.452554464
36222,0.0
36223,0.0
36224,0.0
36225,0.0
36226,0.0
36227,0.0
36228,0.0
36229,0.0
36230,0.0
36231,366640633.4522431
36232,0.0
36233,0.0
36234,0.0
36235,267896526.16337943
36236,0.0
36237,407176865.1022723
36238,0.0
36239,0.0
36240,0.0
36241,0.0
36242,0.0
36243,0.0
36244,0.0
36245,0.0
36246,0.0
36247,0.0
36248,0.0
36249,0.0
36250,0.0
36251,0.0
36252,6770399.106844902
36253,0.0
36254,191182504.107224
36255,338423623.3341825
36256,0.0
36257,345130862.50747585
36258,43469603.96288371
36259,64088567.105798244
36260,0.0
36261,136886143.7916696
36262,0.0
36263,398165429.07971
36264,0.0
36265,173701743.68656373
36266,0.0
36267,0.0
36268,0.0
36269,0.0
36270,83174682.7214098
36271,0.0
36272,0.0
36273,0.0
36274,114438812.10278654
36275,12164622.23393178
36276,0.0
36277,0.0
36278,254945126.8456354
36279,31709580.080607653
36280,0.0
36281,235554634.36449003
36282,0.0
36283,26868184.08801222
36284,0.0
36285,12765252.768019676
36286,200315555.63579655
36287,0.0
36288,0.0
36289,0.0
36290,0.0
36291,0.0
36292,0.0
36293,0.0
36294,0.0
36295,117758469.48989534
36296,92930651.47898197
36297,0.0
36298,0.0
36299,0.0
36300,0.0
36301,0.0
36302,0.0
36303,0.0
36304,0.0
36305,117364011.42965388
36306,0.0
36307,0.0
36308,0.0
36309,0.0
36310,0.0
36311,0.0
36312,0.0
36313,0.0
36314,0.0
36315,0.0
36316,0.0
36317,0.0
36318,0.0
36319,0.0
36320,0.0
36321,15650608.914405346
36322,0.0
36323,197665019.95366096
36324,0.0
36325,0.0
36326,0.0
36327,0.0
36328,0.0
36329,199212020.9435401
36330,0.0
36331,31261162.476605415
36332,0.0
36333,0.0
36334,0.0
36335,0.0
36336,0.0
36337,0.0
36338,0.0
36339,0.0
36340,287249125.80785465
36341,0.0
36342,0.0
36343,0.0
36344,0.0
36345,0.0
36346,0.0
36347,0.0
36348,0.0
36349,0.0
36350,0.0
36351,402413661.2746892
36352,0.0
36353,0.0
36354,228871520.8894453
36355,0.0
36356,0.0
36357,0.0
36358,0.0
36359,0.0
36360,124320919.1593275
36361,0.0
36362,0.0
36363,208859300.16120815
36364,0.0
36365,0.0
36366,0.0
36367,0.0
36368,0.0
36369,0.0
36370,51656116.57670903
36371,0.0
36372,25491119.953952312
36373,0.0
36374,0.0
36375,0.0
36376,219416899.33190918
36377,0.0
36378,0.0
36379,0.0
36380,0.0
36381,0.0
36382,0.0
36383,0.0
36384,114971433.72352314
36385,0.0
36386,254397208.994498
36387,216105692.8809805
36388,0.0
36389,0.0
36390,95454231.65358853
36391,0.0
36392,0.0
36393,0.0
36394,0.0
36395,0.0
36396,0.0
36397,0.0
36398,0.0
36399,0.0
36400,0.0
36401,0.0
36402,0.0
36403,0.0
36404,0.0
36405,0.0
36406,0.0
36407,0.0
36408,0.0
36409,0.0
36410,0.0
36411,0.0
36412,0.0
36413,0.0
36414,0.0
36415,0.0
36416,0.0
36417,0.0
36418,30753380.377031565
36419,0.0
36420,0.0
36421,0.0
36422,0.0
36423,0.0
36424,0.0
36425,236337029.9217372
36426,0.0
36427,0.0
36428,0.0
36429,0.0
36430,0.0
36431,504927566.2758728
36432,0.0
36433,0.0
36434,0.0
36435,107425141.0134561
36436,0.0
36437,0.0
36438,0.0
36439,0.0
36440,0.0
36441,0.0
36442,0.0
36443,0.0
36444,369460917.6678436
36445,0.0
36446,0.0
36447,0.0
36448,0.0
36449,0.0
36450,0.0
36451,0.0
36452,0.0
36453,0.0
36454,0.0
36455,156987859.4362843
36456,0.0
36457,34873510.992791176
36458,0.0
36459,0.0
36460,0.0
36461,0.0
36462,0.0
36463,0.0
36464,0.0
36465,131289019.81225348
36466,0.0
36467,0.0
36468,303193652.19943094
36469,0.0
36470,0.0
36471,0.0
36472,0.0
36473,0.0
36474,0.0
36475,0.0
36476,0.0
36477,0.0
36478,35331413.24227047
36479,0.0
36480,0.0
36481,0.0
36482,0.0
36483,0.0
36484,155024501.11808777
36485,0.0
36486,0.0
36487,0.0
36488,0.0
36489,0.0
36490,0.0
36491,0.0
36492,0.0
36493,0.0
36494,0.0
36495,129023241.56224394
36496,0.0
36497,0.0
36498,0.0
36499,0.0
36500,0.0
36501,0.0
36502,0.0
36503,0.0
36504,0.0
36505,0.0
36506,0.0
36507,0.0
36508,0.0
36509,0.0
36510,0.0
36511,0.0
36512,0.0
36513,0.0
36514,0.0
36515,0.0
36516,0.0
36517,23351257.485301018
36518,0.0
36519,0.0
36520,0.0
36521,0.0
36522,0.0
36523,277424434.69024134
36524,0.0
36525,0.0
36526,0.0
36527,0.0
36528,0.0
36529,0.0
36530,0.0
36531,0.0
36532,107981729.39771724
36533,0.0
36534,0.0
36535,0.0
36536,224060460.06239557
36537,0.0
36538,0.0
36539,0.0
36540,0.0
36541,32061121.43551731
36542,0.0
36543,0.0
36544,0.0
36545,339692787.11449456
36546,38943639.498561144
36547,0.0
36548,0.0
36549,0.0
36550,0.0
36551,0.0
36552,0.0
36553,0.0
36554,0.0
36555,0.0
36556,0.0
36557,0.0
36558,0.0
36559,30132030.03142929
36560,0.0
36561,288919809.75979924
36562,0.0
36563,118602006.98945999
36564,80249031.34042144
36565,0.0
36566,0.0
36567,506111780.5368072
36568,0.0
36569,0.0
36570,0.0
36571,0.0
36572,0.0
36573,0.0
36574,0.0
36575,0.0
36576,0.0
36577,0.0
36578,0.0
36579,0.0
36580,0.0
36581,0.0
36582,309696402.0805814
36583,0.0
36584,0.0
36585,0.0
36586,0.0
36587,0.0
36588,0.0
36589,0.0
36590,154159282.0498941
36591,0.0
36592,95995886.73282242
36593,0.0
36594,0.0
36595,0.0
36596,24611666.42496085
36597,0.0
36598,0.0
36599,0.0
36600,0.0
36601,435764363.002666
36602,0.0
36603,0.0
36604,0.0
36605,0.0
36606,135979091.4138713
36607,0.0
36608,548076715.1719824
36609,0.0
36610,291716061.7023647
36611,0.0
36612,0.0
36613,0.0
36614,0.0
36615,0.0
36616,222196370.21682835
36617,0.0
36618,365088241.00525975
36619,0.0
36620,0.0
36621,51860397.31809878
36622,0.0
36623,0.0
36624,0.0
36625,0.0
36626,0.0
36627,4945728.244518757
36628,0.0
36629,0.0
36630,184862845.47798586
36631,292807394.4520173
36632,0.0
36633,0.0
36634,0.0
36635,0.0
36636,0.0
36637,0.0
36638,0.0
36639,0.0
36640,0.0
36641,0.0
36642,0.0
36643,0.0
36644,32675526.41479063
36645,0.0
36646,0.0
36647,0.0
36648,0.0
36649,0.0
36650,0.0
36651,170899590.46986747
36652,0.0
36653,0.0
36654,0.0
36655,0.0
36656,0.0
36657,0.0
36658,619320630.5358219
36659,235419301.3276062
36660,163700754.7340305
36661,0.0
36662,0.0
36663,0.0
36664,0.0
36665,0.0
36666,0.0
36667,118215440.26776862
36668,0.0
36669,0.0
36670,12130977.097979307
36671,0.0
36672,0.0
36673,0.0
36674,0.0
36675,0.0
36676,0.0
36677,0.0
36678,0.0
36679,0.0
36680,0.0
36681,0.0
36682,0.0
36683,0.0
36684,0.0
36685,0.0
36686,0.0
36687,0.0
36688,0.0
36689,0.0
36690,0.0
36691,0.0
36692,0.0
36693,0.0
36694,161584645.81059694
36695,0.0
36696,0.0
36697,0.0
36698,0.0
36699,0.0
36700,0.0
36701,0.0
36702,31638969.33926487
36703,291689291.0223675
36704,0.0
36705,0.0
36706,0.0
36707,0.0
36708,0.0
36709,0.0
36710,0.0
36711,0.0
36712,257665499.54259634
36713,0.0
36714,0.0
36715,0.0
36716,0.0
36717,0.0
36718,260856205.93891358
36719,0.0
36720,0.0
36721,0.0
36722,0.0
36723,0.0
36724,0.0
36725,0.0
36726,53219365.218749285
36727,0.0
36728,0.0
36729,0.0
36730,0.0
36731,0.0
36732,24389729.4621408
36733,0.0
36734,0.0
36735,0.0
36736,0.0
36737,0.0
36738,0.0
36739,0.0
36740,0.0
36741,0.0
36742,0.0
36743,294555493.13879514
36744,0.0
36745,0.0
36746,0.0
36747,0.0
36748,0.0
36749,0.0
36750,0.0
36751,0.0
36752,0.0
36753,531471897.0100105
36754,0.0
36755,101581483.59159565
36756,0.0
36757,0.0
36758,0.0
36759,0.0
36760,0.0
36761,0.0
36762,0.0
36763,670995506.0910919
36764,0.0
36765,151458867.51405978
36766,0.0
36767,373825242.81813836
36768,0.0
36769,0.0
36770,0.0
36771,3738114.179362297
36772,0.0
36773,0.0
36774,0.0
36775,0.0
36776,0.0
36777,0.0
36778,0.0
36779,0.0
36780,0.0
36781,0.0
36782,199280193.45327425
36783,0.0
36784,0.0
36785,0.0
36786,0.0
36787,0.0
36788,0.0
36789,0.0
36790,202687820.9242258
36791,0.0
36792,0.0
36793,157395684.67504454
36794,0.0
36795,0.0
36796,0.0
36797,0.0
36798,0.0
36799,0.0
36800,188458491.29418755
36801,326394731.24872875
36802,0.0
36803,0.0
36804,143781446.33379745
36805,45796793.63763404
36806,0.0
36807,57092457.92599082
36808,0.0
36809,0.0
36810,0.0
36811,0.0
36812,0.0
36813,0.0
36814,0.0
36815,0.0
36816,0.0
36817,0.0
36818,0.0
36819,0.0
36820,347312619.8413439
36821,0.0
36822,0.0
36823,0.0
36824,1446670803.8047116
36825,0.0
36826,0.0
36827,0.0
36828,0.0
36829,0.0
36830,0.0
36831,0.0
36832,0.0
36833,0.0
36834,0.0
36835,0.0
36836,0.0
36837,0.0
36838,0.0
36839,0.0
36840,0.0
36841,0.0
36842,0.0
36843,15965525.234214306
36844,0.0
36845,0.0
36846,0.0
36847,472871775.7768779
36848,0.0
36849,0.0
36850,0.0
36851,0.0
36852,0.0
36853,0.0
36854,0.0
36855,0.0
36856,0.0
36857,0.0
36858,0.0
36859,0.0
36860,0.0
36861,323145260.36624575
36862,0.0
36863,0.0
36864,0.0
36865,0.0
36866,0.0
36867,0.0
36868,0.0
36869,0.0
36870,0.0
36871,0.0
36872,0.0
36873,0.0
36874,0.0
36875,0.0
36876,0.0
36877,0.0
36878,0.0
36879,0.0
36880,0.0
36881,0.0
36882,0.0
36883,225224266.92959642
36884,0.0
36885,0.0
36886,0.0
36887,0.0
36888,73550796.60093284
36889,0.0
36890,0.0
36891,0.0
36892,443261230.17435753
36893,106734574.12160444
36894,278507332.0195
36895,0.0
36896,0.0
36897,0.0
36898,0.0
36899,0.0
36900,0.0
36901,0.0
36902,358912407.2157564
36903,0.0
36904,68700687.1915431
36905,0.0
36906,218486702.06803274
36907,177927924.43128443
36908,0.0
36909,0.0
36910,0.0
36911,0.0
36912,0.0
36913,0.0
36914,0.0
36915,0.0
36916,0.0
36917,87081199.18230772
36918,0.0
36919,0.0
36920,156071586.03756452
36921,0.0
36922,0.0
36923,0.0
36924,0.0
36925,0.0
36926,0.0
36927,0.0
36928,0.0
36929,104991753.8507824
36930,0.0
36931,0.0
36932,0.0
36933,0.0
36934,0.0
36935,0.0
36936,0.0
36937,0.0
36938,0.0
36939,77794972.35613751
36940,0.0
36941,0.0
36942,401676538.2326751
36943,0.0
36944,0.0
36945,0.0
36946,0.0
36947,0.0
36948,0.0
36949,0.0
36950,0.0
36951,0.0
36952,0.0
36953,0.0
36954,0.0
36955,0.0
36956,145389231.02771688
36957,0.0
36958,0.0
36959,0.0
36960,0.0
36961,0.0
36962,0.0
36963,0.0
36964,0.0
36965,107325046.63486123
36966,0.0
36967,0.0
36968,0.0
36969,0.0
36970,51039863.20612502
36971,0.0
36972,134858351.72088385
36973,0.0
36974,0.0
36975,0.0
36976,0.0
36977,0.0
36978,0.0
36979,0.0
36980,35222082.558783054
36981,0.0
36982,288983643.5936613
36983,0.0
36984,0.0
36985,0.0
36986,0.0
36987,0.0
36988,0.0
36989,371526743.0980458
36990,58978436.08395839
36991,0.0
36992,0.0
36993,0.0
36994,0.0
36995,0.0
36996,0.0
36997,0.0
36998,0.0
36999,0.0
37000,0.0
37001,0.0
37002,0.0
37003,0.0
37004,0.0
37005,41943121.67151308
37006,0.0
37007,0.0
37008,257149323.68643427
37009,0.0
37010,27319564.101880074
37011,0.0
37012,0.0
37013,0.0
37014,0.0
37015,0.0
37016,0.0
37017,0.0
37018,0.0
37019,293671430.78414273
37020,0.0
37021,0.0
37022,348999476.3516123
37023,0.0
37024,0.0
37025,0.0
37026,129095577.13625908
37027,0.0
37028,0.0
37029,0.0
37030,0.0
37031,0.0
37032,0.0
37033,0.0
37034,0.0
37035,0.0
37036,0.0
37037,0.0
37038,643497333.5335574
37039,0.0
37040,0.0
37041,0.0
37042,0.0
37043,0.0
37044,0.0
37045,0.0
37046,0.0
37047,0.0
37048,69690482.88748479
37049,0.0
37050,0.0
37051,0.0
37052,0.0
37053,0.0
37054,0.0
37055,281847453.8403249
37056,305541865.8363631
37057,0.0
37058,0.0
37059,0.0
37060,0.0
37061,0.0
37062,149489695.08007193
37063,0.0
37064,0.0
37065,0.0
37066,124530166.60846615
37067,0.0
37068,0.0
37069,16016804.055364132
37070,0.0
37071,0.0
37072,0.0
37073,0.0
37074,0.0
37075,0.0
37076,0.0
37077,0.0
37078,396990681.3779404
37079,0.0
37080,0.0
37081,0.0
37082,0.0
37083,0.0
37084,0.0
37085,0.0
37086,0.0
37087,0.0
37088,0.0
37089,0.0
37090,0.0
37091,0.0
37092,0.0
37093,0.0
37094,0.0
37095,438271796.4335754
37096,0.0
37097,0.0
37098,101609605.74353552
37099,0.0
37100,0.0
37101,0.0
37102,0.0
37103,9746754.77906847
37104,0.0
37105,0.0
37106,335648114.9575653
37107,0.0
37108,0.0
37109,0.0
37110,13052297.577008963
37111,103491146.67373562
37112,0.0
37113,0.0
37114,205952377.6778772
37115,0.0
37116,0.0
37117,0.0
37118,0.0
37119,0.0
37120,0.0
37121,0.0
37122,0.0
37123,0.0
37124,179997248.20533442
37125,0.0
37126,0.0
37127,50876626.16540122
37128,0.0
37129,40829023.29222751
37130,0.0
37131,0.0
37132,0.0
37133,0.0
37134,0.0
37135,0.0
37136,0.0
37137,195566263.06996536
37138,178642100.94687986
37139,35798505.6503737
37140,0.0
37141,0.0
37142,0.0
37143,0.0
37144,0.0
37145,0.0
37146,0.0
37147,384216417.42944527
37148,0.0
37149,0.0
37150,0.0
37151,0.0
37152,0.0
37153,0.0
37154,0.0
37155,0.0
37156,0.0
37157,0.0
37158,0.0
37159,0.0
37160,0.0
37161,0.0
37162,0.0
37163,0.0
37164,0.0
37165,0.0
37166,352109577.36706924
37167,229634074.4017048
37168,0.0
37169,0.0
37170,0.0
37171,0.0
37172,0.0
37173,456945011.9098346
37174,0.0
37175,0.0
37176,0.0
37177,0.0
37178,0.0
37179,0.0
37180,0.0
37181,36587703.62104368
37182,0.0
37183,0.0
37184,0.0
37185,0.0
37186,0.0
37187,0.0
37188,0.0
37189,15394915.494318962
37190,0.0
37191,0.0
37192,0.0
37193,0.0
37194,0.0
37195,0.0
37196,139212800.36594892
37197,0.0
37198,0.0
37199,0.0
37200,0.0
37201,0.0
37202,0.0
37203,0.0
37204,0.0
37205,0.0
37206,0.0
37207,0.0
37208,0.0
37209,0.0
37210,0.0
37211,0.0
37212,0.0
37213,0.0
37214,0.0
37215,0.0
37216,0.0
37217,0.0
37218,0.0
37219,0.0
37220,0.0
37221,142511214.12599087
37222,0.0
37223,0.0
37224,0.0
37225,0.0
37226,0.0
37227,0.0
37228,0.0
37229,0.0
37230,175812774.47133636
37231,59060140.481189966
37232,0.0
37233,0.0
37234,0.0
37235,0.0
37236,104943873.36516333
37237,0.0
37238,7007587.71931386
37239,350540249.09732103
37240,0.0
37241,104798724.71180677
37242,0.0
37243,0.0
37244,0.0
37245,0.0
37246,0.0
37247,0.0
37248,0.0
37249,0.0
37250,0.0
37251,0.0
37252,427022778.62120867
37253,0.0
37254,0.0
37255,0.0
37256,0.0
37257,0.0
37258,0.0
37259,0.0
37260,0.0
37261,333728493.5277109
37262,0.0
37263,375837925.23844004
37264,0.0
37265,0.0
37266,0.0
37267,0.0
37268,0.0
37269,109162294.58517432
37270,166262846.21530318
37271,0.0
37272,0.0
37273,0.0
37274,409497786.7656698
37275,0.0
37276,0.0
37277,0.0
37278,7523104.51835227
37279,0.0
37280,0.0
37281,0.0
37282,0.0
37283,186823858.1235218
37284,0.0
37285,0.0
37286,0.0
37287,0.0
37288,42927776.94323969
37289,0.0
37290,0.0
37291,0.0
37292,0.0
37293,0.0
37294,0.0
37295,0.0
37296,0.0
37297,0.0
37298,0.0
37299,0.0
37300,0.0
37301,0.0
37302,0.0
37303,0.0
37304,0.0
37305,0.0
37306,0.0
37307,0.0
37308,0.0
37309,0.0
37310,170033663.99604464
37311,0.0
37312,179220685.5437913
37313,0.0
37314,0.0
37315,218726262.04661918
37316,0.0
37317,0.0
37318,60448873.92952919
37319,0.0
37320,0.0
37321,0.0
37322,0.0
37323,0.0
37324,269667562.1873927
37325,9269859.767748594
37326,0.0
37327,0.0
37328,0.0
37329,0.0
37330,0.0
37331,276846359.24557805
37332,0.0
37333,0.0
37334,0.0
37335,0.0
37336,0.0
37337,0.0
37338,0.0
37339,39670006.9131999
37340,0.0
37341,135761735.01415348
37342,0.0
37343,0.0
37344,0.0
37345,333941489.07169676
37346,0.0
37347,0.0
37348,221279192.18911886
37349,0.0
37350,0.0
37351,7622877.055896282
37352,0.0
37353,0.0
37354,0.0
37355,0.0
37356,0.0
37357,0.0
37358,67975656.2336793
37359,0.0
37360,0.0
37361,0.0
37362,0.0
37363,0.0
37364,0.0
37365,47502133.58634591
37366,0.0
37367,0.0
37368,0.0
37369,0.0
37370,0.0
37371,0.0
37372,0.0
37373,0.0
37374,0.0
37375,211279382.90875435
37376,0.0
37377,280171260.7361958
37378,0.0
37379,0.0
37380,0.0
37381,0.0
37382,0.0
37383,174847906.96049976
37384,274182263.64765835
37385,0.0
37386,0.0
37387,0.0
37388,0.0
37389,0.0
37390,0.0
37391,55918787.23955393
37392,0.0
37393,0.0
37394,0.0
37395,0.0
37396,112521222.49901772
37397,277542603.0997343
37398,0.0
37399,0.0
37400,0.0
37401,0.0
37402,0.0
37403,0.0
37404,186519053.63069415
37405,0.0
37406,4433014.6989068985
37407,242146600.4870367
37408,0.0
37409,0.0
37410,0.0
37411,0.0
37412,0.0
37413,43555694.83546376
37414,12336843.272666454
37415,0.0
37416,0.0
37417,518651719.82632625
37418,0.0
37419,0.0
37420,0.0
37421,0.0
37422,0.0
37423,0.0
37424,0.0
37425,0.0
37426,0.0
37427,0.0
37428,0.0
37429,0.0
37430,0.0
37431,0.0
37432,199681692.50628018
37433,0.0
37434,0.0
37435,179856502.6097424
37436,63029158.944355726
37437,90264177.68942022
37438,0.0
37439,0.0
37440,0.0
37441,0.0
37442,0.0
37443,0.0
37444,0.0
37445,0.0
37446,0.0
37447,84975760.60319829
37448,0.0
37449,0.0
37450,0.0
37451,0.0
37452,0.0
37453,0.0
37454,0.0
37455,0.0
37456,0.0
37457,0.0
37458,192087128.8119142
37459,0.0
37460,0.0
37461,0.0
37462,0.0
37463,0.0
37464,0.0
37465,116410580.79345584
37466,0.0
37467,0.0
37468,0.0
37469,0.0
37470,401558991.5966964
37471,0.0
37472,0.0
37473,257336678.6880269
37474,174573456.89536428
37475,0.0
37476,0.0
37477,0.0
37478,0.0
37479,0.0
37480,0.0
37481,0.0
37482,26759888.235961437
37483,0.0
37484,0.0
37485,0.0
37486,0.0
37487,236310976.15655875
37488,0.0
37489,0.0
37490,0.0
37491,15807552.443640947
37492,0.0
37493,0.0
37494,0.0
37495,0.0
37496,0.0
37497,0.0
37498,235011471.09653473
37499,0.0
37500,0.0
37501,0.0
37502,97745380.3457427
37503,0.0
37504,0.0
37505,0.0
37506,0.0
37507,0.0
37508,0.0
37509,0.0
37510,0.0
37511,0.0
37512,305037570.922765
37513,0.0
37514,0.0
37515,0.0
37516,402649334.3290281
37517,333690516.5878899
37518,0.0
37519,0.0
37520,0.0
37521,0.0
37522,134955132.48034072
37523,0.0
37524,0.0
37525,0.0
37526,0.0
37527,0.0
37528,0.0
37529,266694298.31288433
37530,0.0
37531,0.0
37532,0.0
37533,0.0
37534,0.0
37535,0.0
37536,0.0
37537,0.0
37538,0.0
37539,0.0
37540,0.0
37541,0.0
37542,0.0
37543,0.0
37544,0.0
37545,44057368.10464764
37546,0.0
37547,0.0
37548,0.0
37549,0.0
37550,0.0
37551,0.0
37552,0.0
37553,0.0
37554,0.0
37555,0.0
37556,0.0
37557,77565259.82569861
37558,0.0
37559,0.0
37560,0.0
37561,0.0
37562,0.0
37563,0.0
37564,0.0
37565,0.0
37566,0.0
37567,0.0
37568,0.0
37569,0.0
37570,0.0
37571,0.0
37572,0.0
37573,142839450.070184
37574,0.0
37575,0.0
37576,0.0
37577,0.0
37578,0.0
37579,0.0
37580,0.0
37581,358319738.9459698
37582,0.0
37583,0.0
37584,0.0
37585,0.0
37586,621400296.1374819
37587,0.0
37588,0.0
37589,0.0
37590,0.0
37591,0.0
37592,27327494.99322462
37593,0.0
37594,0.0
37595,0.0
37596,0.0
37597,0.0
37598,0.0
37599,0.0
37600,0.0
37601,30318749.760175228
37602,0.0
37603,0.0
37604,0.0
37605,0.0
37606,0.0
37607,119201796.14234829
37608,0.0
37609,0.0
37610,0.0
37611,149985032.94918728
37612,0.0
37613,0.0
37614,0.0
37615,0.0
37616,229065059.74887013
37617,0.0
37618,0.0
37619,259824854.26382613
37620,45503043.47022271
37621,0.0
37622,0.0
37623,0.0
37624,86666378.85629416
37625,0.0
37626,0.0
37627,0.0
37628,308138756.0788467
37629,0.0
37630,0.0
37631,0.0
37632,0.0
37633,0.0
37634,0.0
37635,0.0
37636,0.0
37637,134111763.41183925
37638,198937828.08987045
37639,0.0
37640,0.0
37641,0.0
37642,0.0
37643,0.0
37644,0.0
37645,0.0
37646,0.0
37647,0.0
37648,0.0
37649,0.0
37650,0.0
37651,0.0
37652,0.0
37653,0.0
37654,0.0
37655,0.0
37656,0.0
37657,0.0
37658,58959330.73873091
37659,396566247.19589186
37660,0.0
37661,0.0
37662,0.0
37663,0.0
37664,0.0
37665,0.0
37666,0.0
37667,0.0
37668,0.0
37669,0.0
37670,0.0
37671,0.0
37672,0.0
37673,0.0
37674,204505464.53591347
37675,0.0
37676,0.0
37677,0.0
37678,0.0
37679,0.0
37680,0.0
37681,0.0
37682,0.0
37683,0.0
37684,0.0
37685,47755861.736941814
37686,0.0
37687,0.0
37688,0.0
37689,0.0
37690,0.0
37691,406327458.74723506
37692,0.0
37693,59659682.990228176
37694,0.0
37695,0.0
37696,0.0
37697,0.0
37698,0.0
37699,0.0
37700,0.0
37701,0.0
37702,510163740.39969456
37703,0.0
37704,0.0
37705,193079176.98254776
37706,0.0
37707,0.0
37708,0.0
37709,0.0
37710,0.0
37711,0.0
37712,0.0
37713,0.0
37714,116826244.84439754
37715,0.0
37716,0.0
37717,0.0
37718,0.0
37719,0.0
37720,0.0
37721,0.0
37722,0.0
37723,0.0
37724,0.0
37725,0.0
37726,0.0
37727,0.0
37728,351713841.5944817
37729,0.0
37730,0.0
37731,0.0
37732,0.0
37733,0.0
37734,46414240.20049834
37735,0.0
37736,0.0
37737,322639305.1670637
37738,0.0
37739,0.0
37740,0.0
37741,0.0
37742,101310019.716501
37743,187078283.6433339
37744,0.0
37745,3021058.1942822933
37746,0.0
37747,160115739.6382687
37748,0.0
37749,0.0
37750,0.0
37751,7871304.817858696
37752,0.0
37753,0.0
37754,144400775.91283894
37755,0.0
37756,0.0
37757,0.0
37758,432060172.18169403
37759,0.0
37760,0.0
37761,0.0
37762,0.0
37763,0.0
37764,0.0
37765,0.0
37766,0.0
37767,94734366.0310235
37768,0.0
37769,0.0
37770,0.0
37771,0.0
37772,0.0
37773,0.0
37774,0.0
37775,0.0
37776,0.0
37777,0.0
37778,0.0
37779,0.0
37780,0.0
37781,0.0
37782,0.0
37783,0.0
37784,0.0
37785,0.0
37786,0.0
37787,78075563.94865322
37788,32703080.053100824
37789,0.0
37790,0.0
37791,0.0
37792,0.0
37793,0.0
37794,0.0
37795,0.0
37796,0.0
37797,0.0
37798,0.0
37799,0.0
37800,345290813.2122028
37801,0.0
37802,0.0
37803,0.0
37804,0.0
37805,0.0
37806,0.0
37807,340970017.1621721
37808,0.0
37809,0.0
37810,0.0
37811,0.0
37812,0.0
37813,0.0
37814,0.0
37815,0.0
37816,0.0
37817,0.0
37818,0.0
37819,0.0
37820,0.0
37821,0.0
37822,71276939.80478883
37823,0.0
37824,0.0
37825,0.0
37826,0.0
37827,0.0
37828,0.0
37829,0.0
37830,0.0
37831,0.0
37832,514204213.9567406
37833,0.0
37834,0.0
37835,0.0
37836,0.0
37837,0.0
37838,164609793.3365612
37839,0.0
37840,0.0
37841,0.0
37842,0.0
37843,165954737.60603857
37844,0.0
37845,0.0
37846,0.0
37847,0.0
37848,0.0
37849,0.0
37850,0.0
37851,0.0
37852,0.0
37853,0.0
37854,0.0
37855,0.0
37856,0.0
37857,0.0
37858,0.0
37859,0.0
37860,62858056.003582954
37861,42093947.23719883
37862,0.0
37863,0.0
37864,0.0
37865,0.0
37866,0.0
37867,0.0
37868,0.0
37869,0.0
37870,49945138.02809286
37871,0.0
37872,0.0
37873,0.0
37874,0.0
37875,0.0
37876,0.0
37877,0.0
37878,0.0
37879,0.0
37880,0.0
37881,0.0
37882,2640976.952044964
37883,0.0
37884,0.0
37885,0.0
37886,103576109.275136
37887,0.0
37888,0.0
37889,0.0
37890,0.0
37891,401058799.83361363
37892,0.0
37893,0.0
37894,0.0
37895,0.0
37896,0.0
37897,0.0
37898,0.0
37899,0.0
37900,0.0
37901,0.0
37902,0.0
37903,0.0
37904,0.0
37905,0.0
37906,165044430.1850474
37907,0.0
37908,76090783.8621087
37909,163888407.84061432
37910,0.0
37911,0.0
37912,0.0
37913,160115739.6382687
37914,53650277.819271564
37915,0.0
37916,0.0
37917,0.0
37918,264012337.02737927
37919,0.0
37920,0.0
37921,0.0
37922,239977762.06191635
37923,0.0
37924,0.0
37925,0.0
37926,112058754.6677165
37927,299464430.11457944
37928,0.0
37929,0.0
37930,0.0
37931,0.0
37932,0.0
37933,0.0
37934,0.0
37935,0.0
37936,7521526.005372047
37937,0.0
37938,77840746.45025921
37939,0.0
37940,0.0
37941,0.0
37942,0.0
37943,0.0
37944,0.0
37945,0.0
37946,46735996.71227217
37947,0.0
37948,0.0
37949,20201752.150255203
37950,0.0
37951,0.0
37952,0.0
37953,543345788.3149489
37954,0.0
37955,0.0
37956,0.0
37957,118621476.79760122
37958,0.0
37959,0.0
37960,0.0
37961,394457588.0105128
37962,0.0
37963,0.0
37964,0.0
37965,0.0
37966,0.0
37967,253340930.57023525
37968,0.0
37969,463378166.1526568
37970,0.0
37971,0.0
37972,0.0
37973,147037451.43915272
37974,0.0
37975,0.0
37976,0.0
37977,0.0
37978,0.0
37979,0.0
37980,0.0
37981,254338860.15613055
37982,73788652.16331935
37983,0.0
37984,399325195.57677054
37985,88487508.5593667
37986,0.0
37987,0.0
37988,0.0
37989,0.0
37990,0.0
37991,0.0
37992,0.0
37993,159327257.43225646
37994,0.0
37995,0.0
37996,0.0
37997,0.0
37998,0.0
37999,0.0
38000,0.0
38001,0.0
38002,308566201.0655322
38003,0.0
38004,288798094.46004486
38005,0.0
38006,0.0
38007,0.0
38008,0.0
38009,0.0
38010,0.0
38011,0.0
38012,0.0
38013,0.0
38014,0.0
38015,143298434.7454002
38016,0.0
38017,0.0
38018,0.0
38019,0.0
38020,149990480.06296182
38021,0.0
38022,0.0
38023,0.0
38024,308590158.51967454
38025,0.0
38026,0.0
38027,0.0
38028,0.0
38029,0.0
38030,394161354.90239644
38031,0.0
38032,42442854.17086291
38033,0.0
38034,0.0
38035,0.0
38036,0.0
38037,0.0
38038,0.0
38039,0.0
38040,0.0
38041,13442968.175094128
38042,0.0
38043,0.0
38044,0.0
38045,251057019.1066811
38046,226606336.11534142
38047,0.0
38048,0.0
38049,0.0
38050,280988295.8806422
38051,0.0
38052,0.0
38053,0.0
38054,0.0
38055,0.0
38056,0.0
38057,406327458.74723506
38058,0.0
38059,0.0
38060,133031702.1995802
38061,0.0
38062,0.0
38063,0.0
38064,0.0
38065,0.0
38066,0.0
38067,0.0
38068,0.0
38069,0.0
38070,0.0
38071,0.0
38072,0.0
38073,0.0
38074,0.0
38075,0.0
38076,0.0
38077,0.0
38078,0.0
38079,411350841.78883314
38080,0.0
38081,0.0
38082,0.0
38083,0.0
38084,0.0
38085,0.0
38086,92272219.9618671
38087,0.0
38088,113358772.50019765
38089,0.0
38090,190449848.663239
38091,0.0
38092,0.0
38093,0.0
38094,0.0
38095,0.0
38096,0.0
38097,0.0
38098,0.0
38099,0.0
38100,0.0
38101,0.0
38102,0.0
38103,0.0
38104,0.0
38105,45107150.3187902
38106,0.0
38107,0.0
38108,0.0
38109,0.0
38110,0.0
38111,0.0
38112,0.0
38113,0.0
38114,0.0
38115,0.0
38116,0.0
38117,0.0
38118,0.0
38119,0.0
38120,0.0
38121,167324795.04470468
38122,447044400.6937901
38123,569832112.9016403
38124,0.0
38125,0.0
38126,0.0
38127,842584241.9748213
38128,0.0
38129,0.0
38130,0.0
38131,0.0
38132,0.0
38133,340970017.1621721
38134,0.0
38135,0.0
